Type,FPKOI,FPKIC,Name,KIC,PRatio,Dist,DelRow,DelCol,m2mag,DelMag,DRatio,Flag
Antipodal Reflection,3900.01,11911580,003644542-sec,3644542,3:1,41461.2,-18,44,8.35,5.55,2.33E+02,0
Antipodal Reflection,4646.01,12012439,003439031-sec,3439031,1:2,42997.7,5,64,11.29,4.04,3.67E+03,0
CCD Crosstalk,559.01,6422367,005343976-pri,5343976,1:1,6526,0,1,12.61,2.18,9.11E+02,0
CCD Crosstalk,1192.02,3644071,003644542-pri,3644542,3:1,447,-6,-1,8.35,5.86,9.66E+01,0
CCD Crosstalk,2908.01,6612284,006206751-pri,6206751,1:1,3776.4,0,-2,12.14,3.75,9.33E+02,0
CCD Crosstalk,3827.01,5114623,003858884-pri,3858884,13:1,7285.7,9,0,9.28,6.08,1.04E+02,0
CCD Crosstalk,3827.02,5114623,003858884-pri,3858884,15:1,7285.7,9,0,9.28,6.08,7.70E+01,0
CCD Crosstalk,3959.01,9282769,BR-Cyg-pri,9899416,1:1,7582.2,3,2,10.03,3.38,1.46E+03,0
CCD Crosstalk,4113.01,9282762,BR-Cyg-pri,9899416,1:1,7602.3,-2,7,10.03,5.68,4.64E+03,0
CCD Crosstalk,4429.01,4584865,006891512-sec,6891512,1:2,10889,-13,0,11.39,1.19,9.95E+03,0
Column Anomaly,1924.01,5108214,3688.01,5020034,1:1,89.7,-22,1,15.81,-7.97,2.32E+03,0
Column Anomaly,2233.01,8963721,009101279-pri,9101279,1:1,1527.8,384,0,13.95,0.73,4.73E+03,0
Column Anomaly,2600.01,9777251,BR-Cyg-pri,9899416,1:1,1984.9,499,3,10.03,5.03,5.31E+03,0
Column Anomaly,2769.01,9692128,009569866-pri,9569866,1:1,845,212,0,13.98,-0.32,2.79E+03,0
Column Anomaly,2997.01,9777256,BR-Cyg-pri,9899416,1:1,1975.9,496,1,10.03,5.23,4.55E+03,0
Column Anomaly,3028.01,9838804,BR-Cyg-pri,9899416,1:1,763.2,191,3,10.03,5.96,3.25E+03,0
Column Anomaly,3084.01,3324986,003836439-pri,3836439,1:1,3214.5,-286,6,7.57,7.42,3.87E+02,3
Column Anomaly,3223.01,5556726,005471619-pri,5471619,1:1,489.4,123,1,12.37,-0.2,4.40E+03,0
Column Anomaly,3240.01,6206559,006206751-pri,6206751,1:1,308,78,-1,12.14,0.2,6.39E+03,0
Column Anomaly,3243.01,9821151,T-Lyr1-17236-pri,9821078,1:1,173.3,44,-1,14.12,-1.73,5.00E+03,0
Column Anomaly,3247.01,3336476,UZ-Lyr-pri,2708156,1:1,2112,-531,1,10.67,1.74,4.55E+04,0
Column Anomaly,3498.01,8635938,008700506-pri,8700506,1:1,313.4,79,0,13.48,-0.52,1.47E+03,0
Column Anomaly,3968.01,8823833,008823397-pri,8823397,1:1,487.8,123,0,13.25,-0.35,8.45E+03,0
Column Anomaly,4020.01,7038096,RR-Lyr-pri,7198959,1:1,4900.3,836,-1,7.86,6.79,1.56E+03,3
Column Anomaly,4044.01,5201115,005288543-pri,5288543,1:2,351.4,88,0,13.59,-0.72,4.92E+03,0
Column Anomaly,4048.01,10272389,V850-Cyg-pri,10206340,1:1,311.7,78,1,11.2,3.14,3.88E+03,0
Column Anomaly,4058.01,4769931,3664.01,4678875,1:1,448.1,112,1,13.24,0.66,3.10E+03,0
Column Anomaly,4083.01,8524346,008589754-pri,8589754,1:2,487.5,123,0,14,-0.28,1.40E+03,0
Column Anomaly,4094.01,8128247,008128965-pri,8128965,1:2,486.9,122,0,13.23,0.1,3.47E+03,0
Column Anomaly,4114.01,3117046,003644542-pri,3644542,3:1,2113.5,531,-5,8.35,6.47,3.89E+02,0
Column Anomaly,4125.01,9099950,009164694-pri,9164694,1:1,163.6,41,0,14.18,-1.33,3.96E+03,0
Column Anomaly,4138.01,4636565,004445630-sec,4445630,1:2,1217.5,306,0,13.86,-1.35,7.23E+03,0
Column Anomaly,4142.01,9716302,BR-Cyg-pri,9899416,1:1,2638.5,663,5,10.03,6.46,1.37E+03,0
Column Anomaly,4147.01,8029197,008098300-pri,8098300,1:2,293.3,74,-1,12.82,-0.17,8.34E+03,0
Column Anomaly,4197.01,9777724,BR-Cyg-pri,9899416,1:1,1509.7,379,3,10.03,5.84,4.68E+03,0
Column Anomaly,4243.01,9777757,BR-Cyg-pri,9899416,1:1,1477.6,371,4,10.03,2.97,1.42E+04,0
Column Anomaly,4306.01,8149484,008081389-pri,8081389,1:1,229.3,58,0,13.99,-0.9,8.41E+03,0
Column Anomaly,4316.01,9777290,BR-Cyg-pri,9899416,1:1,1957.7,492,5,10.03,6.31,2.42E+03,0
Column Anomaly,4350.01,11872139,T-Cyg1-00246-pri,11922782,1:2,609,153,2,10.46,2.85,1.07E+04,0
Column Anomaly,4387.01,2830919,003836439-pri,3836439,1:1,5110.8,-763,6,7.57,7.18,5.00E+02,3
Column Anomaly,4433.01,9518651,FL-Lyr-pri,9641031,1:1,771.8,-194,2,9.18,4.93,7.91E+03,0
Column Anomaly,4437.01,8492101,008621026-pri,8621026,1:1,951.1,239,0,13.37,0.14,3.02E+03,0
Column Anomaly,4438.01,6343576,3512.01,6182849,1:1,1371,345,0,13.72,-0.21,4.44E+03,0
Column Anomaly,4455.01,9777200,BR-Cyg-pri,9899416,1:1,2041.8,513,1,10.03,3.89,1.19E+04,0
Column Anomaly,4516.01,9849884,009971475-pri,9971475,1:1,1507.6,379,0,13.17,-0.57,2.83E+03,0
Column Anomaly,4517.01,11243547,011401845-pri,11401845,1:1,1079.4,271,1,14.36,0.4,5.21E+03,0
Column Anomaly,4534.01,7699298,007770471-pri,7770471,1:1,617.8,155,-1,14.62,-1.07,1.25E+04,0
Column Anomaly,4553.01,6126076,006045264-pri,6045264,1:1,432,109,1,13.44,-0.71,1.10E+04,0
Column Anomaly,4559.01,7285673,RR-Lyr-pri,7198959,1:1,4147.3,521,0,7.86,6.64,2.61E+03,3
Column Anomaly,4611.01,10801249,010735564-pri,10735564,1:1,498.2,125,0,14.57,-1.2,6.59E+03,0
Column Anomaly,4620.01,11137065,V2083-Cyg-pri,10342012,1:2,5482.1,677,0,6.9,7.91,2.16E+03,3
Column Anomaly,4635.01,9873759,009873869-pri,9873869,1:1,324.1,82,1,13.04,0.78,2.92E+03,0
Column Anomaly,4658.01,4946049,3664.01,4678875,1:1,1061.1,267,0,13.24,-0.29,2.79E+04,0
Column Anomaly,4675.01,10130057,FL-Lyr-pri,9641031,1:1,3770.8,-384,5,9.18,6.44,3.48E+03,3
Column Anomaly,4677.01,9838608,BR-Cyg-pri,9899416,1:1,982.9,247,2,10.03,5.14,7.04E+03,0
Column Anomaly,4692.01,10972902,V753-Cyg-pri,10858720,3:2,1114.4,-280,1,10.97,3.8,5.68E+03,0
Column Anomaly,4788.01,9396760,FL-Lyr-pri,9641031,1:1,1783.6,-448,3,9.18,5.38,5.24E+03,0
Column Anomaly,4814.01,9777556,BR-Cyg-pri,9899416,1:1,1676,421,3,10.03,6.04,1.77E+03,0
Column Anomaly,4887.01,4059887,004160006-pri,4160006,1:2,459.4,115,1,14.3,-1.39,1.13E+04,0
Direct PRF,6.01,3248033,1759.01,3248019,1:1,14.3,-4,0,15.39,-3.23,1.69E+02,0
Direct PRF,8.01,5903312,3692.01,5903301,1:1,8,-2,-1,15.15,-2.7,3.28E+01,0
Direct PRF,11.01,11913073,011913071-pri,11913071,1:1,34.9,7,-5,9.53,3.96,2.49E+02,0
Direct PRF,15.01,3964562,3542.01,3964545,1:1,9.4,-2,2,14.78,-2.37,1.10E+02,0
Direct PRF,16.01,9110357,009110346-pri,9110346,1:2,9.9,2,-2,16.4,-2.82,2.44E+02,0
Direct PRF,24.01,4743513,3572.01,4743508,1:1,4.3,0,-1,14.55,-1.59,1.03E+01,0
Direct PRF,26.01,5021737,005021732-pri,5021732,1:1,4.5,0,-1,13.62,-1.63,1.06E+00,1
Direct PRF,43.01,9025922,3596.01,9025914,1:1,8.4,2,1,16.76,-3.47,4.73E+01,1
Direct PRF,90.01,9210823,009210828-pri,9210828,1:2,15.2,-2,-3,13.22,-1.48,3.29E+02,0
Direct PRF,106.01,10489525,3625.01,10489521,1:1,11.8,-2,-2,16.17,-3.39,8.51E+02,0
Direct PRF,121.01,3247396,4035.01,3247404,1:1,6.8,2,0,18.53,-5.77,4.84E+01,1
Direct PRF,133.01,11673674,011673686-pri,11673686,1:1,16.5,4,-1,11.69,1.97,7.48E+00,0
Direct PRF,140.01,5130369,3707.01,5130380,1:1,5.9,0,1,16.3,-2.45,2.94E+01,0
Direct PRF,146.01,9048161,009048145-pri,9048145,1:1,9,0,2,13.09,-0.06,1.53E+01,0
Direct PRF,158.01,10555375,3771.01,10555365,1:1,6.7,-2,0,16.61,-2.85,3.23E+01,0
Direct PRF,164.01,5652237,3703.01,5652260,1:1,9.4,0,2,17.3,-3.79,3.11E+02,0
Direct PRF,169.01,6185711,006185717-pri,6185717,1:1,11.8,3,-2,13.39,0.19,4.64E+01,0
Direct PRF,170.01,11044770,3327.01,11044779,1:1,11,2,0,15.47,-2.09,1.11E+02,0
Direct PRF,175.01,8323753,3767.01,8323764,1:1,7.7,-2,0,17.38,-3.89,9.89E+01,0
Direct PRF,178.01,11455491,3673.01,11455484,1:1,6.9,0,-2,16.15,-2.7,6.78E+02,0
Direct PRF,233.01,5023956,3570.01,5023948,1:1,8.9,2,0,15.05,-0.44,3.12E+01,0
Direct PRF,236.01,8453211,008453191-pri,8453191,1:2,14.4,3,0,13.36,1.22,3.71E+01,0
Direct PRF,243.01,9592579,3565.01,9592575,1:1,6.7,0,1,15.9,-0.8,2.96E+01,0
Direct PRF,253.01,11752906,2651.01,11752908,1:1,5.1,-1,-1,15.55,-0.3,5.72E-01,1
Direct PRF,263.01,10514430,1614.01,10514429,1:1,2.1,1,1,11.41,-0.59,1.21E+00,1
Direct PRF,264.01,3097346,3648.01,3097352,1:1,10.3,0,3,16.94,-5.38,1.11E+03,0
Direct PRF,286.01,8258171,3870.01,8258160,1:1,9.3,2,-2,16.38,-4.73,7.24E+01,1
Direct PRF,293.01,11200415,3724.01,11200405,1:1,7.6,1,-1,16.8,-4.75,2.93E+02,0
Direct PRF,300.01,3438975,003439031-sec,3439031,1:2,38.3,-2,-10,11.29,1.01,3.51E+03,0
Direct PRF,324.01,9641041,FL-Lyr-pri,9641031,1:2,66.6,-15,-7,9.18,3.04,2.75E+03,0
Direct PRF,325.01,9724984,009724993-pri,9724993,1:1,9.7,-1,2,12.52,0.42,3.62E+01,0
Direct PRF,329.01,10031885,010031808-pri,10031808,1:1,62.5,-15,2,9.56,3.92,9.89E+02,0
Direct PRF,334.01,10383687,3671.01,10383696,1:1,10.9,-1,-3,16.95,-3.65,5.76E+02,0
Direct PRF,336.01,10518725,010518735-sec,10518735,1:1,14.6,4,1,16.74,-3.62,7.48E+02,0
Direct PRF,359.01,12106929,3895.01,12106934,1:1,12,-1,-2,18.36,-4.56,9.71E+01,1
Direct PRF,363.01,2438070,002438061-pri,2438061,1:2,6.3,2,0,17.5,-3.73,1.00E+01,1
Direct PRF,376.01,12643589,3626.01,12643582,1:1,7.5,-1,2,16.44,-2.69,4.40E+01,0
Direct PRF,378.01,2449074,3702.01,2449090,1:1,10.6,-1,3,16.24,-3.09,1.56E+02,0
Direct PRF,380.01,2452450,3687.01,2452440,1:1,7.4,0,-2,16.47,-3.36,5.60E+01,0
Direct PRF,382.01,3231137,3643.01,3231120,1:1,8.7,1,2,16.6,-3.04,1.78E+02,0
Direct PRF,391.01,3858804,003858884-sec,3858884,1:1,65.2,11,-12,9.28,4.5,6.24E+02,0
Direct PRF,411.01,5478055,3738.01,5478083,1:1,12.6,2,1,17.52,-3.01,2.62E+02,0
Direct PRF,441.01,3340312,3677.01,3340313,1:1,11,-2,1,16.25,-1.71,7.94E+01,0
Direct PRF,447.01,5021176,3679.01,5021174,1:1,7.3,1,1,17.7,-2.84,4.86E+02,0
Direct PRF,451.01,6200715,3694.01,6200709,1:1,6.9,2,-1,16.72,-1.79,8.57E+01,0
Direct PRF,461.01,8621348,3682.01,8621353,1:1,7.3,1,-2,17.95,-3.54,5.67E+02,0
Direct PRF,485.01,12316431,3575.01,12316447,1:1,14.4,4,0,16.11,-1.94,2.87E+02,0
Direct PRF,489.01,2576197,4465.01,2576224,1:1,15.7,1,-3,12.73,1.88,5.25E-02,1
Direct PRF,493.01,3834360,003834364-pri,3834364,1:1,11.4,0,-3,14.66,0.06,8.72E+01,0
Direct PRF,495.01,4049108,004049124-pri,4049124,1:1,11.7,2,-2,14.65,0.22,1.74E+02,0
Direct PRF,502.01,5282051,1545.01,5282049,1:1,8.3,-2,1,15.17,-0.89,8.12E+01,0
Direct PRF,515.01,7812179,3665.01,7812175,1:1,5.1,1,1,16.33,-1.9,5.78E+01,0
Direct PRF,516.01,7840044,3758.01,7840035,1:1,6.8,0,-2,16.9,-2.37,1.14E+02,0
Direct PRF,521.01,8162789,1712.01,8162790,1:1,3.4,0,1,15.05,-0.41,9.34E-01,1
Direct PRF,527.01,9636569,3618.01,9636559,1:1,10.1,-2,2,17.04,-2.6,5.61E+02,0
Direct PRF,544.01,11913012,011913071-pri,11913071,1:1,90.4,15,17,9.53,5.23,4.50E+02,0
Direct PRF,553.01,5303551,3982.01,5303557,1:1,4.8,1,0,16.49,-1.61,1.50E+01,0
Direct PRF,556.01,5738496,005738506-sec,5738506,1:1,11.2,-1,2,18.35,-3.55,2.85E+02,0
Direct PRF,565.01,7025846,007025851-pri,7025851,1:2,14.8,3,-2,14.39,-0.09,1.25E+03,0
Direct PRF,576.01,8474898,008474892-pri,8474892,1:1,7.5,-1,2,14.37,0.17,5.77E+00,0
Direct PRF,591.01,9886221,009886224-pri,9886224,1:1,13.4,-1,3,16.33,-1.93,9.92E+02,0
Direct PRF,603.01,2441151,3642.01,2441161,1:1,10.6,2,1,16.65,-1.97,7.62E+01,0
Direct PRF,613.01,6960456,3654.01,6960446,1:1,8,0,-2,16.8,-2.01,4.72E+02,0
Direct PRF,630.01,4659405,3691.01,4751083,1:1,9.9,2,-1,16.03,-2.1,1.54E+02,0
Direct PRF,642.01,5181817,005181804-pri,5181804,1:1,9.9,0,-2,15.93,-2.72,2.03E+02,0
Direct PRF,651.01,5796186,005796185-pri,5796185,1:1,8.5,2,1,15.83,-1.92,7.17E+01,0
Direct PRF,669.01,6960445,3654.01,6960446,1:1,6.7,-1,-1,16.8,-2.96,1.08E+02,0
Direct PRF,672.03,7115785,RR-Lyr-pri,7198959,1:1,733.4,39,-181,7.86,6.14,2.40E+04,0
Direct PRF,675.01,7385509,007385478-pri,7385478,1:1,18.4,-4,-3,11.47,2.37,1.10E+02,0
Direct PRF,702.01,9053112,3751.01,9053086,1:1,14.3,-3,2,14.03,-0.28,2.05E+02,0
Direct PRF,712.01,9640976,FL-Lyr-pri,9641031,1:1,138.2,35,2,9.18,4.54,2.51E+03,0
Direct PRF,713.01,9640985,FL-Lyr-pri,9641031,1:1,63.1,13,-9,9.18,4.66,8.48E+02,0
Direct PRF,727.01,10191070,T-Lyr1-00687-sec,10191056,1:2,26.5,-1,-7,10.81,5.01,8.71E+01,0
Direct PRF,731.01,10259031,3630.01,10259029,1:1,6.1,-2,1,17.11,-1.52,4.00E+01,0
Direct PRF,748.01,10583180,T-Lyr1-01013-pri,10583181,1:1,52.9,-10,9,11.01,4.26,4.96E+02,0
Direct PRF,789.01,12459725,3662.01,12459731,1:1,12,1,3,17.43,-1.7,3.28E+02,0
Direct PRF,796.01,3114661,3763.01,3114667,1:2,8.4,-2,1,17.38,-1.63,2.94E+01,0
Direct PRF,807.01,3836375,003836439-pri,3836439,1:1,66.2,16,5,7.57,8.4,4.68E+01,0
Direct PRF,808.01,3838486,3700.01,3838496,1:1,10.1,2,1,17.9,-2.06,4.87E+02,0
Direct PRF,836.01,5481416,3772.01,5481426,1:1,6,1,1,19.32,-3.48,2.47E+02,0
Direct PRF,839.01,5649215,3636.01,5649206,1:1,7.7,-1,-1,17.99,-2.97,1.79E+02,0
Direct PRF,859.01,6675056,3611.01,6675060,1:1,9.3,1,2,16.51,-0.96,1.21E+02,0
Direct PRF,894.01,7708215,3666.01,7708193,1:1,11.1,3,0,15.99,-0.73,3.79E+01,0
Direct PRF,909.01,8256049,3652.01,8256044,1:1,7.9,2,-1,15.88,-0.22,5.40E+00,0
Direct PRF,930.01,9159275,009159301-pri,9159301,1:1,21.2,-5,3,12.15,3.47,2.71E+02,0
Direct PRF,932.01,9166870,009166862-pri,9166862,1:1,7.5,-2,1,15.27,-0.22,1.41E+01,0
Direct PRF,946.01,9661877,009661869-pri,9661869,1:1,7.8,2,0,16.68,-1.51,7.60E+01,0
Direct PRF,965.01,3337351,003230227-pri,3230227,1:1,17.8,-2,4,9,4.36,1.26E+00,0
Direct PRF,982.01,1433962,3924.01,1433980,1:1,14.3,3,-2,14.92,0.56,1.46E+02,0
Direct PRF,989.02,10743597,010743600-pri,10743600,1:1,5.6,0,-1,17.21,-1.72,8.09E+01,0
Direct PRF,995.01,3858949,003858884-pri,3858884,1:1,43,-5,10,9.28,5.3,4.93E+02,0
Direct PRF,996.01,3858824,003858884-pri,3858884,1:1,61.1,14,-7,9.28,6.07,2.24E+02,0
Direct PRF,1004.01,2309585,002309587-pri,2309587,1:1,11.7,-2,1,13.93,1.45,1.53E+01,0
Direct PRF,1012.01,8127639,3713.01,8127648,1:1,10,3,0,17.51,-2.12,1.32E+02,0
Direct PRF,1021.01,2558363,3855.01,2558370,1:1,6.9,-1,1,18.55,-2.55,2.73E+02,0
Direct PRF,1023.01,2445154,002445134-pri,2445134,1:1,16.7,1,4,13.55,1.61,1.78E+02,0
Direct PRF,1028.01,2166206,3735.01,2166200,1:1,8.3,-1,-2,17.64,-4.34,1.86E+02,0
Direct PRF,1037.01,6205468,006205460-pri,6205460,1:1,17.6,-4,0,12.75,2.77,2.28E+02,0
Direct PRF,1038.01,6153201,006153219-pri,6153219,1:1,9.3,0,2,17.09,-1.65,4.34E+01,0
Direct PRF,1040.01,5817553,005817566-sec,5817566,1:2,15.3,-3,3,11.68,2.4,1.09E+02,0
Direct PRF,1041.01,5982368,005982353-pri,5982353,1:1,11,3,1,11.12,2.92,2.31E+00,0
Direct PRF,1042.01,5816811,3645.01,5816806,1:1,7,-2,0,17.05,-2.2,9.26E+01,0
Direct PRF,1045.01,6066403,3649.01,6066379,1:1,12.2,3,-1,15.47,-1.92,2.43E+02,0
Direct PRF,1049.01,5876368,4279.01,5876360,1:2,5,-1,1,17.17,-2.38,9.97E+01,0
Direct PRF,1055.01,5866099,3651.01,5866104,1:1,5.5,0,-1,17.07,-3.37,1.66E+02,0
Direct PRF,1057.01,6066416,3649.01,6066379,1:1,14.8,2,-3,15.47,-3.92,6.94E+02,0
Direct PRF,1068.01,8264070,3655.01,8264097,1:1,14,3,2,17.69,-2.65,2.67E+02,0
Direct PRF,1071.01,8244190,3545.01,8244173,1:1,13.7,3,3,15.9,-1.4,1.89E+03,0
Direct PRF,1073.01,8262210,008262223-pri,8262223,1:1,26.7,-1,6,12.15,1.8,9.84E+02,0
Direct PRF,1077.01,10268907,3773.01,10268903,1:1,6,-1,0,17.36,-1.63,2.51E+02,0
Direct PRF,1080.01,10158990,1823.02,10092312,1:1,9.9,1,2,13.95,0.91,1.81E+00,1
Direct PRF,1087.01,3124412,3918.01,3124420,1:1,5.8,1,0,18.24,-3.33,1.02E+02,0
Direct PRF,1091.01,3098184,003098194-sec,3098194,1:2,8.8,-2,0,13.9,1.25,1.52E+01,0
Direct PRF,1100.01,3228824,V404-Lyr-pri,3228863,1:1,59.1,7,-13,11.82,3.92,9.84E+02,0
Direct PRF,1107.01,3228959,V404-Lyr-pri,3228863,1:1,82.6,20,5,11.82,3.58,2.34E+03,0
Direct PRF,1111.01,3120276,003120320-pri,3120320,1:1,36.5,5,8,10.88,4.33,3.65E+02,0
Direct PRF,1112.01,3109930,4720.01,3109937,1:1,4.8,-1,-2,15.75,-1.12,1.38E+00,1
Direct PRF,1114.01,3337425,003230227-pri,3230227,1:1,64.9,5,16,9,5.93,2.20E+02,0
Direct PRF,1119.01,3003992,003003991-pri,3003991,1:1,19.8,-5,-2,13.93,-2.77,1.48E+03,0
Direct PRF,1124.01,6301035,006301030-pri,6301030,1:1,8.8,3,1,17.78,-2.8,1.24E+02,0
Direct PRF,1126.01,6307521,006307537-pri,6307537,1:1,19.3,2,4,11.75,3.51,1.94E+02,0
Direct PRF,1132.01,8330548,008330575-sec,8330575,1:1,12.3,2,3,13.48,0.96,6.18E+00,0
Direct PRF,1133.01,8374494,008374499-pri,8374499,1:1,8.3,-1,-2,14.91,0.84,1.75E+01,0
Direct PRF,1134.01,8414907,008414914-pri,8414914,2:1,5.2,-1,-1,17.91,-2.13,1.19E+01,0
Direct PRF,1134.02,8414907,008414914-sec,8414914,2:1,5.2,-1,-1,17.91,-2.13,1.44E+01,0
Direct PRF,1136.01,8386035,008386048-pri,8386048,2:1,11.8,-2,2,16.65,-4,1.50E+02,0
Direct PRF,1139.01,8378634,008378656-pri,8378656,1:1,14.2,3,-1,12.79,0.27,1.78E+02,0
Direct PRF,1144.01,8302450,008302455-pri,8302455,1:2,73.9,11,-15,11.54,3.75,3.42E+02,0
Direct PRF,1147.01,8299955,3631.01,8299947,1:1,11.2,-2,-2,17.74,-4.27,1.93E+03,0
Direct PRF,1155.01,10342041,V2083-Cyg-pri,10342012,1:2,63,7,-13,6.9,7.76,4.96E+01,0
Direct PRF,1157.01,10342065,V2083-Cyg-pri,10342012,1:2,58.9,-5,-13,6.9,7.06,9.94E+01,0
Direct PRF,1158.01,10352945,3756.01,10352938,1:1,7.3,2,2,14.35,1.05,8.76E+00,0
Direct PRF,1164.01,10341831,V2083-Cyg-pri,10342012,1:2,195.9,33,-37,6.9,8.06,4.34E+02,0
Direct PRF,1167.01,10485179,T-Cyg1-03567-pri,10485137,1:1,37,9,0,11.88,2.62,1.66E+03,0
Direct PRF,1171.01,10485069,T-Cyg1-03567-pri,10485137,1:1,80.9,0,-21,11.88,3.46,2.13E+03,0
Direct PRF,1172.01,10341913,V2083-Cyg-pri,10342012,1:2,124.6,-1,-31,6.9,6.18,9.01E+02,0
Direct PRF,1173.01,10480921,010480952-sec,10480952,1:2,33.7,-8,3,12.22,1.97,1.92E+03,0
Direct PRF,1179.01,3655332,003655326-pri,3655326,1:1,4.2,-1,0,14.21,-0.36,2.28E+00,1
Direct PRF,1181.01,3344419,003344427-pri,3344427,1:1,11.4,-3,0,15.83,-0.84,5.33E+01,0
Direct PRF,1183.01,3544689,3629.01,3544694,1:1,9.8,2,2,15.93,-0.98,3.91E+01,0
Direct PRF,1184.01,4037164,004037163-pri,4037163,1:1,6.4,-1,2,16.68,-1.24,3.75E+01,0
Direct PRF,1190.01,3557341,003557421-pri,3557421,1:1,70.3,-6,-17,10.03,5.83,2.36E+02,0
Direct PRF,1195.01,3644523,003644542-pri,3644542,1:1,55,-13,-5,8.35,7.58,6.45E+01,0
Direct PRF,1196.01,3348082,003348093-pri,3348093,1:2,15.2,-2,3,16.2,-1.16,5.11E+02,0
Direct PRF,1200.01,3557493,003557421-pri,3557421,1:1,57.3,1,14,10.03,5,4.30E+02,0
Direct PRF,1213.01,3556220,3899.01,3556229,1:1,10.1,-2,-2,17.66,-4.28,1.69E+03,0
Direct PRF,1217.01,3542588,003542573-pri,3542573,1:2,27.1,-5,5,12.16,1.44,7.87E+02,0
Direct PRF,1231.01,6462874,006462863-pri,6462863,1:1,7.3,1,-1,12.21,3.51,2.04E+00,0
Direct PRF,1231.02,6462874,006462863-pri,6462863,1:1,7.3,1,-1,12.21,3.51,1.86E+00,0
Direct PRF,1235.01,6546528,006546508-pri,6546508,1:2,10.3,1,-2,15.74,-1.14,9.48E+01,0
Direct PRF,1237.01,6531491,3646.01,6531496,1:1,8.3,-1,1,16.09,-0.49,4.85E+01,0
Direct PRF,1243.01,6677256,3622.01,6677267,1:1,19.5,-4,-3,12.77,1.75,2.94E+01,0
Direct PRF,1248.01,8488878,008488876-pri,8488876,1:1,5.5,1,2,12.37,2.99,8.05E-01,2
Direct PRF,1250.01,8620565,008620561-pri,8620561,1:1,5.2,0,-1,16.78,-1.87,1.54E+01,0
Direct PRF,1259.01,8823426,008823397-pri,8823397,1:1,20.5,3,-4,13.25,2.34,6.02E+02,0
Direct PRF,1262.01,8703884,287.01,8703887,1:1,12.4,-1,-3,11.05,4.32,4.43E+00,0
Direct PRF,1263.01,8560840,008560861-pri,8560861,1:1,61,10,-11,8.5,7.03,5.51E+01,0
Direct PRF,1265.01,8552583,V2277-Cyg-pri,8552540,1:1,102.6,23,-13,10.29,4.77,9.78E+02,0
Direct PRF,1272.01,8552498,V2277-Cyg-pri,8552540,1:2,59.3,-13,-8,10.29,3.29,1.97E+03,0
Direct PRF,1277.01,8552565,V2277-Cyg-pri,8552540,1:1,65.4,15,-8,10.29,2.66,2.45E+03,0
Direct PRF,1280.01,8509361,008509346-pri,8509346,1:1,12.2,-3,-1,13.74,0.21,2.31E+02,0
Direct PRF,1284.01,10960993,3564.01,10960995,2:1,4.8,-1,0,14.5,-3.1,1.93E+01,1
Direct PRF,1286.01,10879208,3730.01,10879213,1:1,7.3,1,1,18.79,-2.89,1.05E+02,0
Direct PRF,1289.01,10748393,3.01,10748390,1:1,11,-2,-2,9.17,6.22,3.31E-01,2
Direct PRF,1291.01,10661771,010661783-pri,10661783,1:1,41.2,7,-8,9.59,5.38,1.75E+02,0
Direct PRF,1294.01,10549562,010549576-pri,10549576,1:1,14.3,-3,3,13.02,1.39,1.09E+02,0
Direct PRF,1297.01,10676923,3830.01,10676927,1:1,10.8,-2,2,17.02,-1.89,4.76E+02,0
Direct PRF,1322.01,4079535,3594.01,4079530,1:1,6.2,1,-1,15.56,-0.48,8.08E+00,0
Direct PRF,1327.01,4372768,3698.01,4372765,1:1,9.1,-1,1,18.23,-2.32,2.57E+02,0
Direct PRF,1330.01,4150539,004150611-sec,4150611,1:1,50.1,11,-6,7.9,7.8,5.43E+01,0
Direct PRF,1333.01,4285107,004285087-pri,4285087,1:2,19,2,-4,12.79,1.2,7.14E+02,0
Direct PRF,1334.01,4150624,004150611-sec,4150611,1:1,69.4,14,11,7.9,7.56,9.00E+01,0
Direct PRF,1340.01,4386059,3659.01,4386047,1:1,10.6,-1,-3,16.94,-3.06,7.13E+02,0
Direct PRF,1343.01,4570931,1658.01,4570949,1:1,9.6,0,-2,13.31,0.34,4.07E+01,0
Direct PRF,1350.01,7220322,3775.01,7220320,1:1,4.5,0,-1,14.08,-2.2,6.99E+00,1
Direct PRF,1352.01,6956233,006956216-pri,6956216,1:1,10.9,0,-3,14.55,1.38,2.59E+01,0
Direct PRF,1354.01,6891543,006891512-sec,6891512,1:2,25,-2,-6,11.39,3.06,3.45E+02,0
Direct PRF,1365.01,7174351,3844.01,7174349,1:2,7.4,-1,-2,19.29,-3.77,2.91E+02,0
Direct PRF,1373.01,6863839,006863840-pri,6863840,1:2,17,4,-3,15.14,-0.52,2.13E+03,0
Direct PRF,1374.01,7296086,3790.01,7296094,1:1,9.4,-2,-1,18.59,-3.97,6.22E+02,0
Direct PRF,1380.01,7025526,3550.01,7025540,1:1,16.2,1,4,15.78,-4.04,5.85E+03,0
Direct PRF,1394.01,8937021,3754.01,8937019,1:1,4.2,0,1,17.93,-2.49,4.93E+01,0
Direct PRF,1460.01,7751571,007751562-pri,7751562,1:1,6.1,0,-1,15.25,0.32,1.01E+01,0
Direct PRF,1462.01,11913013,011913071-pri,11913071,1:1,91.7,17,15,9.53,7.91,3.17E+01,0
Direct PRF,1464.01,7838655,007838639-pri,7838639,1:2,10,-1,-3,13.77,1.69,1.97E+01,0
Direct PRF,1467.01,7770450,007770471-pri,7770471,1:1,17.7,3,3,14.62,1.22,6.43E+02,0
Direct PRF,1468.01,9851226,3513.01,9851142,1:1,77.9,-6,-19,7.63,7.63,6.25E+01,0
Direct PRF,1471.01,11858748,3633.01,11858741,1:1,11.6,-3,0,16.48,-0.97,4.59E+02,0
Direct PRF,1479.01,9842890,009842906-pri,9842906,1:1,10.3,-3,1,15.45,0.3,6.59E-01,1
Direct PRF,1482.01,7812167,3665.01,7812175,1:1,9.4,0,-2,16.33,-0.95,8.37E+01,0
Direct PRF,1485.01,9692345,3859.01,9692336,1:1,13.3,-2,3,17.49,-1.83,7.02E+02,0
Direct PRF,1487.01,12062667,3746.01,12062660,1:1,6.8,1,-2,17.38,-4.71,2.29E+02,0
Direct PRF,1490.01,9602514,V995-Cyg-pri,9602595,1:1,58.7,-15,1,11.88,2.24,2.01E+03,0
Direct PRF,1492.01,12108312,012108333-pri,12108333,1:1,21.4,-1,5,13.23,1.12,7.19E+02,0
Direct PRF,1493.01,9842906,009842890-pri,9842890,1:1,10.3,3,-1,15.75,-0.31,2.33E+00,1
Direct PRF,1497.01,11774387,011774383-pri,11774383,1:1,5.1,-1,0,19.17,-3.54,3.83E+01,0
Direct PRF,1500.01,9719634,3686.01,9719636,1:1,8.6,0,2,17.28,-2.46,1.45E+02,0
Direct PRF,1504.01,9641018,FL-Lyr-pri,9641031,1:1,90.3,21,10,9.18,4.89,1.01E+03,0
Direct PRF,1523.01,9850893,3513.01,9851142,1:1,192.2,29,39,7.63,7.04,3.96E+02,0
Direct PRF,1554.01,9899355,BR-Cyg-pri,9899416,1:1,108.1,21,16,10.03,5.84,4.88E+02,0
Direct PRF,1555.01,12644774,1611.01,12644769,1:1,16.1,-3,-3,11.76,3.14,3.80E+01,0
Direct PRF,1559.01,9899280,BR-Cyg-pri,9899416,1:1,104.9,22,-15,10.03,5.01,9.65E+02,0
Direct PRF,1562.01,5308663,2718.01,5308666,1:1,13.5,-3,1,13.82,1.77,5.30E-01,1
Direct PRF,1565.01,5636648,3817.01,5636642,1:2,6.3,1,2,16.43,-1.1,1.60E+01,0
Direct PRF,1614.01,10514429,263.01,10514430,1:1,2.1,-1,-1,10.82,0.59,8.29E-01,1
Direct PRF,1624.01,6233890,3609.01,6233903,1:1,10.9,1,2,16.45,-3.28,4.73E+02,0
Direct PRF,1636.01,10621666,T-Cyg1-01215-pri,10686876,1:1,56.6,0,14,11.73,2.87,1.30E+03,0
Direct PRF,1638.01,10747439,2673.01,10747445,1:1,5.8,1,1,16.44,-1.99,3.54E+01,0
Direct PRF,1657.01,4474645,3829.01,4474637,1:1,4.6,1,1,16.81,-2.61,8.46E+01,0
Direct PRF,1679.01,5529643,005444392-pri,5444392,1:2,45.7,11,-2,11.38,4.55,9.50E+02,0
Direct PRF,1680.01,5530882,005530881-pri,5530881,1:1,22.8,-5,3,13.51,0.94,2.72E+03,0
Direct PRF,1689.01,6312534,3656.01,6312521,1:1,6.2,1,-1,17.36,-1.77,1.93E+01,0
Direct PRF,1696.01,6891366,006891512-sec,6891512,1:2,63.9,-9,13,11.39,2.22,2.31E+03,0
Direct PRF,1697.01,6891637,006891512-sec,6891512,1:2,63.4,5,-15,11.39,4.44,3.99E+02,0
Direct PRF,1699.01,7137725,007137798-pri,7137798,1:1,48.7,12,0,13.45,-0.33,1.66E+03,0
Direct PRF,1712.01,8162790,521.01,8162789,1:1,3.4,0,-1,14.63,0.41,1.07E+00,1
Direct PRF,1719.01,9899483,BR-Cyg-pri,9899416,1:1,105.9,-4,26,10.03,3.59,4.46E+03,0
Direct PRF,1735.01,3446451,3736.01,3547315,1:1,10.6,3,1,16.64,-4.33,1.56E+02,0
Direct PRF,1744.01,6364327,TT-Lyr-pri,6364290,1:1,169.8,-30,30,9.49,5.09,5.08E+03,0
Direct PRF,1752.01,8127586,1919.01,8127607,1:1,19.7,3,3,14.66,0.27,2.25E+00,1
Direct PRF,1758.01,6705142,2609.01,6705137,1:1,5.1,0,-2,14.63,1.34,2.34E-01,1
Direct PRF,1763.01,10491044,T-Cyg1-12368-sec,10491031,1:2,21,-4,3,13.24,2.71,4.93E+02,0
Direct PRF,1770.01,7918217,1817.01,7918172,1:1,25.6,7,-1,14.34,-3.46,1.82E+00,1
Direct PRF,1775.01,4913000,004912991-pri,4912991,1:2,9.3,2,0,11.3,0.37,2.88E+01,0
Direct PRF,1776.01,8453214,008453191-pri,8453191,1:2,15.8,3,-2,13.36,2.11,2.18E+01,0
Direct PRF,1778.01,5444384,005444392-pri,5444392,1:1,15.6,-2,4,11.38,4.17,3.01E+01,0
Direct PRF,1785.01,9366989,3597.01,9366988,1:1,7.9,1,2,14.37,0.54,9.24E+00,0
Direct PRF,1789.01,5565497,3742.01,5565486,1:1,11.3,-1,-3,14.96,-3.44,1.72E+02,0
Direct PRF,1791.01,4144231,004144236-pri,4144236,1:1,15.7,-2,3,11.86,3.61,4.44E+01,0
Direct PRF,1803.02,4349442,244.01,4349452,1:1,8.4,1,-1,10.73,2.53,4.88E+00,0
Direct PRF,1806.01,9529744,3600.01,9529733,1:2,14,4,0,14.04,-0.56,3.32E+02,0
Direct PRF,1817.01,7918172,1770.01,7918217,1:1,25.6,-7,1,10.88,3.46,5.50E-01,1
Direct PRF,1823.02,10092312,1080.01,10158990,1:1,9.9,-1,-2,14.87,-0.91,5.53E-01,1
Direct PRF,1827.01,10031707,010031808-pri,10031808,1:1,68.7,18,0,9.56,4.31,5.87E+02,0
Direct PRF,1834.01,5802478,005802470-pri,5802470,1:1,17.5,4,1,13.76,0.63,3.07E+02,0
Direct PRF,1844.01,8892721,3336.01,8892720,1:1,7.4,-1,-2,15.52,0.42,1.66E+01,0
Direct PRF,1859.01,8625821,3285.01,8625813,1:1,10.8,-3,1,15.98,-0.96,7.26E-01,1
Direct PRF,1869.01,8009496,008009500-pri,8009500,1:1,15.3,2,3,14.58,-1.18,4.04E+02,0
Direct PRF,1896.01,10294613,T-Cyg1-08427-pri,10294608,1:2,16.1,-3,3,13.34,1.55,3.70E+02,0
Direct PRF,1903.01,3836453,003836439-pri,3836439,1:1,37.2,3,-9,7.57,4.49,2.90E+02,0
Direct PRF,1919.01,8127607,1752.01,8127586,1:1,19.7,-3,-3,14.93,-0.27,4.44E-01,1
Direct PRF,1944.02,2438513,1003.01,2438502,1:1,13.3,3,-1,16.21,-2.23,2.72E+02,0
Direct PRF,1956.01,5730389,3603.01,5730394,1:1,12.8,3,-1,16.12,-1.5,4.62E+02,0
Direct PRF,1994.01,3328026,003327980-pri,3327980,1:2,38.6,-7,-7,12.12,3.03,1.01E+03,0
Direct PRF,2003.01,9851271,3513.01,9851142,1:1,91,-14,-18,7.63,6.98,1.37E+02,0
Direct PRF,2041.01,5024482,005024450-pri,5024450,1:2,11.7,1,-2,15.06,-2.86,5.81E+01,0
Direct PRF,2050.01,6307083,3519.01,6307062,1:1,16.4,2,-4,14.86,-2.64,1.46E+03,0
Direct PRF,2085.01,8260234,1066.01,8260218,1:1,9.6,3,0,15.62,-1.46,3.56E+01,0
Direct PRF,2088.01,12164770,012164751-pri,12164751,1:1,20.6,5,1,14.19,0.46,1.50E+03,0
Direct PRF,2136.01,5288570,005288543-pri,5288543,1:2,23.9,-1,-6,13.59,-0.6,1.22E+03,0
Direct PRF,2157.01,3327993,003327980-pri,3327980,1:2,70.6,8,-16,12.12,3.78,1.23E+03,0
Direct PRF,2161.01,5467124,3825.01,5467113,1:1,14.6,-2,3,15.83,-2.24,2.82E+03,0
Direct PRF,2188.01,10518424,T-Lyr1-01013-pri,10583181,1:1,85,-11,19,11.01,4.31,1.35E+03,0
Direct PRF,2190.01,4245933,V583-Lyr-pri,4245897,1:1,34.7,-9,1,12.54,3.29,5.78E+02,0
Direct PRF,2197.01,6525249,006525196-pri,6525196,1:2,77.6,-19,1,10.15,5.81,3.89E+02,0
Direct PRF,2211.01,6199702,006279974-pri,6279974,1:1,6.1,2,1,13.74,0.89,3.53E+00,0
Direct PRF,2234.01,9635510,T-Lyr1-03204-pri,9635529,1:2,33.1,8,1,12.23,3.12,9.67E+02,0
Direct PRF,2262.01,6634133,006634112-pri,6634112,1:1,12.7,3,0,14.1,0.03,6.65E+01,0
Direct PRF,2265.01,3337432,003439031-sec,3439031,1:2,82.4,19,-8,11.29,2.11,4.49E+03,0
Direct PRF,2277.01,2860793,002860788-pri,2860788,1:2,20.8,-5,2,14.04,-0.65,3.04E+02,0
Direct PRF,2292.01,7257363,007257373-pri,7257373,1:2,24.9,1,6,13.42,2.09,9.72E+02,0
Direct PRF,2301.01,11922722,T-Cyg1-00246-pri,11922782,1:1,76.8,5,-18,10.46,3.3,1.70E+03,0
Direct PRF,2320.01,10481045,010480952-sec,10480952,1:2,96.7,24,2,12.22,2.83,2.42E+03,0
Direct PRF,2375.01,6864893,006864859-pri,6864859,1:1,31.3,0,8,11.66,3.26,5.40E+02,0
Direct PRF,2388.01,12071037,012071006-pri,12071006,1:1,30.7,-6,6,13.53,0.57,8.73E+03,0
Direct PRF,2391.01,10341905,V2083-Cyg-pri,10342012,1:2,151.2,-9,-37,6.9,8.34,4.95E+02,0
Direct PRF,2425.01,11922678,T-Cyg1-00246-pri,11922782,1:1,106.3,20,-18,10.46,3.05,2.48E+03,0
Direct PRF,2428.01,9965184,3558.01,9965206,1:1,12.5,-3,0,15.9,-0.51,3.65E+02,0
Direct PRF,2434.01,6864885,006864859-pri,6864859,1:1,24.5,5,2,11.66,3.93,4.15E+02,0
Direct PRF,2446.01,9850957,3513.01,9851142,1:1,138.4,22,27,7.63,5.49,5.25E+02,0
Direct PRF,2454.01,11401822,011401845-pri,11401845,1:2,25.7,-3,6,14.36,1.63,1.99E+03,0
Direct PRF,2455.01,6507427,3815.01,6507433,1:1,4.3,-1,0,15.43,-1.02,1.15E+01,0
Direct PRF,2475.01,8746295,008746310-pri,8746310,1:1,12.4,-3,-2,14.77,-0.03,3.18E+02,0
Direct PRF,2476.01,10090257,010090246-pri,10090246,1:1,15.3,2,-4,13.57,1.98,4.20E+02,0
Direct PRF,2478.01,5385439,V380-Cyg-pri,5385723,1:1,200.5,4,-50,5.77,8.38,1.19E+03,0
Direct PRF,2500.01,10407054,V2083-Cyg-pri,10342012,1:2,272.9,68,-12,6.9,6.44,2.31E+03,0
Direct PRF,2505.01,5471574,005471619-pri,5471619,1:1,40.6,6,-9,12.37,1.03,4.40E+03,0
Direct PRF,2505.02,5471574,V380-Cyg-sec,5385723,1:1,182.4,24,39,5.77,7.63,2.30E+03,0
Direct PRF,2518.01,5529738,005444392-pri,5444392,1:2,60.5,0,-15,11.38,3.49,1.95E+03,0
Direct PRF,2539.01,7289162,399.01,7289157,1:1,16.8,-3,-3,12.95,0.7,7.59E+02,0
Direct PRF,2557.01,10925113,156.03,10925104,1:1,6.2,-1,-1,13.74,1.27,3.59E+00,0
Direct PRF,2566.01,9159242,009159301-pri,9159301,1:1,48.2,-10,7,12.15,1.88,6.86E+03,0
Direct PRF,2567.01,9842937,009842890-pri,9842890,1:1,40,9,3,15.75,-0.42,4.37E+00,1
Direct PRF,2568.01,6525185,006525196-pri,6525196,1:2,76.3,17,8,10.15,5.71,6.51E+02,0
Direct PRF,2574.01,9474493,009474485-pri,9474485,1:2,17.3,1,-4,14.88,0.45,1.44E+03,0
Direct PRF,2591.01,5513897,005513861-pri,5513861,1:2,54,10,-9,11.64,2.34,2.19E+03,0
Direct PRF,2596.01,3644653,003644542-pri,3644542,1:1,105.4,25,-10,8.35,7.55,3.84E+02,0
Direct PRF,2605.01,10407221,V2083-Cyg-pri,10342012,1:2,257.3,46,-45,6.9,8.75,4.80E+02,0
Direct PRF,2609.01,6705137,1758.01,6705142,1:1,5.1,0,2,15.97,-1.34,4.27E+00,1
Direct PRF,2616.01,5956787,3821.01,5956776,1:1,8.2,1,-2,16.75,-4.65,1.34E+02,1
Direct PRF,2629.01,10031656,010031808-pri,10031808,1:1,112.5,19,21,9.56,5.85,8.64E+02,0
Direct PRF,2645.01,11303815,3744.01,11303811,2:1,10,1,2,15.77,-0.5,3.48E+01,0
Direct PRF,2646.01,6044553,006044543-pri,6044543,1:1,16.9,-4,-1,13.76,1.63,8.54E+02,0
Direct PRF,2651.01,11752908,253.01,11752906,1:1,5.1,1,1,15.25,0.3,1.75E+00,1
Direct PRF,2653.01,6525193,006525196-pri,6525196,1:2,76.5,-16,-11,10.15,5.64,5.98E+02,0
Direct PRF,2684.01,4035667,004035675-pri,4035675,1:1,13.7,1,-3,12.7,-2.67,2.07E+02,0
Direct PRF,2702.01,6307063,3519.01,6307062,1:1,14.6,3,2,14.86,-1.17,8.38E+02,0
Direct PRF,2718.01,5308666,1562.01,5308663,1:1,13.5,3,-1,15.59,-1.77,1.89E+00,1
Direct PRF,2724.01,5308387,3887.01,5308419,1:2,13.8,4,1,13.48,-0.6,3.97E+00,1
Direct PRF,2726.01,10363281,010363300-pri,10363300,1:1,15.2,2,3,14.68,-2.37,1.61E+03,0
Direct PRF,2727.01,4861527,004773155-pri,4773155,1:1,22.2,5,2,13.59,0.27,1.36E+03,0
Direct PRF,2741.01,5513893,005513861-pri,5513861,1:2,47.9,11,-4,11.64,1.37,4.81E+03,0
Direct PRF,2766.01,4677282,004677321-pri,4677321,1:1,19.3,4,-3,13.48,-0.32,3.00E+02,0
Direct PRF,2767.01,5097470,005097446-pri,5097446,1:1,23.2,-5,-2,13.89,0.6,3.86E+03,0
Direct PRF,2774.01,9593757,3800.01,9593759,2:1,6.2,0,-2,17.47,0.22,4.34E+00,0
Direct PRF,2777.01,6545051,006545018-pri,6545018,1:2,22.8,0,-6,13.75,1.99,1.21E+03,0
Direct PRF,2787.01,4365442,004365461-pri,4365461,1:2,19,-5,1,13.31,-0.01,1.62E+03,0
Direct PRF,2799.01,5649833,3831.01,5649836,1:1,12,3,-1,16.38,-3.01,8.42E+02,0
Direct PRF,2800.01,10518399,T-Lyr1-01013-pri,10583181,1:1,106.1,-4,26,11.01,3.51,1.77E+03,0
Direct PRF,2810.01,10275766,010275747-pri,10275747,1:1,31,4,6,12.8,2.6,2.60E+03,0
Direct PRF,2823.01,10341917,V2083-Cyg-pri,10342012,1:2,140.7,-10,-34,6.9,8.91,3.66E+02,0
Direct PRF,2824.01,3241604,003241619-pri,3241619,1:1,34.6,-5,7,12.52,2.75,1.36E+03,0
Direct PRF,2846.01,4832175,004832197-pri,4832197,1:2,18.2,3,4,11.51,4.25,5.04E+01,0
Direct PRF,2854.01,5513866,005513861-pri,5513861,1:2,31.5,6,5,11.64,1.94,1.21E+03,0
Direct PRF,2863.01,3241557,003241619-pri,3241619,1:1,48.3,5,11,12.52,1.25,5.01E+03,0
Direct PRF,2867.01,9899181,BR-Cyg-pri,9899416,1:1,196.6,47,-14,10.03,2.88,2.39E+04,0
Direct PRF,2870.01,4861791,4278.01,4861784,1:1,16.5,-4,-1,15.99,-0.04,6.99E-01,1
Direct PRF,2873.01,6364276,TT-Lyr-pri,6364290,1:1,154.7,-34,19,9.49,5.8,5.15E+03,0
Direct PRF,2884.01,9652649,009652632-sec,9652632,1:2,31.7,4,7,11.58,2.53,2.13E+03,0
Direct PRF,2888.01,12023078,012023089-pri,12023089,1:1,9.8,1,-2,15.63,-2.98,1.88E+02,0
Direct PRF,2889.01,6364162,TT-Lyr-pri,6364290,1:1,149.6,-36,-12,9.49,5.67,6.62E+03,0
Direct PRF,2891.01,10068024,529.01,10068030,1:1,5.8,2,1,14.98,-1.85,1.85E+01,0
Direct PRF,2892.01,9636563,3618.01,9636559,1:1,10.2,-2,-1,17.04,-1.94,8.73E+02,0
Direct PRF,2895.01,5475641,005475624-pri,5475624,1:1,13.1,-3,-2,15.55,-1.25,3.61E+02,0
Direct PRF,2911.01,5471202,V380-Cyg-pri,5385723,1:1,179.6,23,-38,5.77,9.09,1.45E+03,0
Direct PRF,2917.01,3228945,V404-Lyr-pri,3228863,1:1,84.3,-7,21,11.82,3.21,2.79E+03,0
Direct PRF,2928.01,3230753,003230787-pri,3230787,1:1,23.4,-1,-6,12.55,2.07,6.99E+02,0
Direct PRF,2929.01,8358012,008358008-pri,8358008,1:1,10.9,3,0,14.67,0.22,3.10E+01,0
Direct PRF,2932.01,3861611,4.01,3861595,1:1,11.7,-1,3,11.43,4.42,2.22E+00,0
Direct PRF,2941.01,9532424,3710.01,9532421,1:1,9.4,1,3,16.77,-2.21,1.94E+02,0
Direct PRF,2944.01,6781548,006781535-pri,6781535,1:1,15.4,3,-1,13.67,2.01,6.13E+01,0
Direct PRF,2952.01,8243283,008243263-pri,8243263,1:2,16.1,3,2,12.98,2.24,1.86E+02,0
Direct PRF,2953.01,6778019,006778050-pri,6778050,1:2,21.1,0,-5,14.51,0.25,3.04E+03,0
Direct PRF,2965.01,8429415,008429450-pri,8429450,1:2,28.6,7,-1,13.11,-0.4,6.29E+03,0
Direct PRF,2969.01,8560804,008560861-pri,8560861,1:1,73.8,18,-5,8.5,4.07,6.74E+02,0
Direct PRF,2978.01,10686814,T-Cyg1-01215-pri,10686876,1:1,56.1,14,-3,11.73,3.87,7.39E+02,0
Direct PRF,2986.01,4568298,V1130-Cyg-pri,4660997,1:1,99,25,3,12.32,3.63,2.70E+03,0
Direct PRF,2991.01,4848424,3560.01,4848423,1:1,83.1,-18,-11,11.82,2.94,3.46E+03,0
Direct PRF,3006.01,8758136,008758161-pri,8758161,1:1,34.5,0,8,12.46,3.09,6.44E+02,0
Direct PRF,3011.01,3328052,003327980-pri,3327980,1:2,64.2,-10,-12,12.12,3.42,1.29E+03,0
Direct PRF,3036.01,5217891,005217733-pri,5217733,1:1,98.9,-18,-17,7.39,8.26,8.51E+01,0
Direct PRF,3055.01,7281454,RR-Lyr-pri,7198959,1:1,684.5,23,170,7.86,6.79,5.88E+03,0
Direct PRF,3064.01,9899505,BR-Cyg-pri,9899416,1:1,85.2,-17,13,10.03,5.92,6.65E+02,0
Direct PRF,3067.01,4847782,004847832-pri,4847832,1:1,34.8,-6,7,12.45,2.63,7.90E+02,0
Direct PRF,3082.01,10619142,010619109-pri,10619109,1:1,83,-14,-16,11.7,3.27,1.55E+03,0
Direct PRF,3085.01,11912932,011913071-pri,11913071,1:1,209.5,37,37,9.53,4.79,1.96E+03,0
Direct PRF,3098.01,9959589,BR-Cyg-pri,9899416,1:1,127.2,-21,-25,10.03,5.76,3.43E+03,0
Direct PRF,3107.01,10031500,010031808-pri,10031808,1:1,228.3,58,2,9.56,5.66,8.28E+02,0
Direct PRF,3124.01,4076976,004076952-pri,4076952,1:2,19.5,-3,-3,13.77,0.43,1.76E+03,0
Direct PRF,3126.01,7097534,007097571-pri,7097571,1:1,39.6,5,-8,11.27,3.19,1.57E+03,0
Direct PRF,3132.01,9541295,009541127-pri,9541127,1:1,131.5,33,0,12.56,0.09,1.09E+04,0
Direct PRF,3135.01,9899352,BR-Cyg-pri,9899416,1:1,135.3,25,22,10.03,5.82,2.85E+03,0
Direct PRF,3162.01,9752973,3871.01,9752982,1:1,13,3,0,12.22,-2.18,9.84E+00,1
Direct PRF,3163.01,7116117,RR-Lyr-pri,7198959,1:1,418.9,36,-99,7.86,2.38,1.04E+05,0
Direct PRF,3174.01,7115661,RR-Lyr-pri,7198959,1:1,775.8,5,-196,7.86,2.76,2.65E+03,0
Direct PRF,3205.01,9959494,BR-Cyg-pri,9899416,1:1,127.6,1,-32,10.03,1.81,3.52E+04,0
Direct PRF,3211.01,7293937,007374746-pri,7374746,1:2,14.1,-2,-2,15,-3.05,2.48E+03,0
Direct PRF,3218.01,10191036,T-Lyr1-00687-sec,10191056,1:2,66.2,17,-2,10.81,1.3,7.04E+03,0
Direct PRF,3241.01,9532117,009532123-pri,9532123,1:1,12.1,-1,-3,16.36,-4.01,1.08E+03,0
Direct PRF,3249.01,9083564,009083523-pri,9083523,1:1,54.5,10,9,12.71,-0.28,1.29E+04,0
Direct PRF,3253.01,2707985,UZ-Lyr-pri,2708156,1:1,100.8,-6,-24,10.67,1.81,3.35E+04,0
Direct PRF,3254.01,9899141,BR-Cyg-pri,9899416,1:1,236.5,57,-17,10.03,2.47,5.15E+04,0
Direct PRF,3257.01,10420301,010420279-pri,10420279,1:1,13.1,2,2,14.77,1,5.15E+02,0
Direct PRF,3276.01,3858879,003858884-sec,3858884,1:1,46.4,11,6,9.28,5.84,1.73E+02,0
Direct PRF,3285.01,8625813,1859.01,8625821,1:1,10.8,3,-1,15.02,0.96,1.38E+00,1
Direct PRF,3291.01,6233483,006233466-sec,6233466,1:1,7.7,1,-1,14.68,-0.77,1.27E+01,0
Direct PRF,3292.01,5392871,3342.01,5392897,1:1,13.3,2,3,15.75,-2.36,2.35E+02,0
Direct PRF,3293.01,3858851,003858884-pri,3858884,1:1,54.6,14,-1,9.28,6.49,7.47E+01,0
Direct PRF,3294.01,3858917,003858884-sec,3858884,1:1,33,-8,1,9.28,5.41,1.30E+02,0
Direct PRF,3299.01,7177555,007177553-sec,7177553,1:1,8.8,-1,2,11.51,3.33,1.72E+00,0
Direct PRF,3300.01,7889486,007821010-pri,7821010,1:1,106.6,-14,23,10.82,4.94,7.26E+02,0
Direct PRF,3300.02,7889486,007821010-sec,7821010,1:1,106.6,-14,23,10.82,4.94,1.04E+03,0
Direct PRF,3321.01,6859801,006859813-pri,6859813,1:1,10,-2,-2,12.07,2.81,1.35E+01,0
Direct PRF,3338.01,8263752,008263746-sec,8263746,1:1,7.4,0,-1,16.75,-3.32,2.57E+01,1
Direct PRF,3362.01,3098197,003098194-sec,3098194,1:1,5.7,0,-1,13.9,0.94,2.39E+00,0
Direct PRF,3378.01,4376629,004376644-pri,4376644,1:1,9.5,1,-2,13.77,-0.09,4.14E+01,0
Direct PRF,3380.01,3120308,003120320-pri,3120320,1:1,38.7,-7,7,10.88,3.77,5.59E+02,0
Direct PRF,3388.01,3858988,003858884-sec,3858884,1:1,90.4,-20,11,9.28,5.72,3.94E+02,0
Direct PRF,3399.01,6359802,006359798-sec,6359798,1:1,4.5,1,-1,12.93,2.12,1.13E+00,1
Direct PRF,3409.01,9468382,009468384-pri,9468384,1:1,9.4,-1,2,16.41,-2.85,2.11E+02,0
Direct PRF,3442.01,9837586,009837578-pri,9837578,1:1,5.4,-1,-1,15.73,1.75,3.37E+00,0
Direct PRF,3446.01,2852528,002852560-pri,2852560,1:1,17.4,0,-4,15.31,0.4,5.20E+02,0
Direct PRF,3450.01,8560940,008560861-pri,8560861,1:1,94.7,-14,-20,8.5,6.04,4.92E+02,0
Direct PRF,3453.01,4932689,004932691-pri,4932691,1:1,16.9,-4,2,13.63,1.93,2.78E+02,0
Direct PRF,3457.01,9834257,3568.01,9773869,1:1,7,0,-1,16.67,-4.24,1.31E+02,0
Direct PRF,3461.01,2437112,3598.01,2437149,1:1,19.7,-5,1,17.63,-1.48,9.11E+02,0
Direct PRF,3485.01,5471289,V380-Cyg-pri,5385723,1:1,220.1,55,-5,5.77,9.16,1.49E+03,0
Direct PRF,3499.01,5471688,V380-Cyg-pri,5385723,1:1,248.6,13,61,5.77,9.29,7.67E+02,0
Direct PRF,3499.02,5471688,005471619-pri,5471619,1:1,58.9,-5,13,12.37,2.69,4.94E+03,0
Direct PRF,3502.01,5385471,V380-Cyg-pri,5385723,1:1,166.8,15,-39,5.77,10.22,7.51E+02,0
Direct PRF,3504.01,5471158,V380-Cyg-pri,5385723,1:1,207.3,27,-44,5.77,9.95,6.53E+02,0
Direct PRF,3505.01,4847843,004847832-sec,4847832,1:1,17.4,-2,-3,12.45,0.96,6.68E+02,0
Direct PRF,3509.01,3439096,003439031-sec,3439031,1:2,45.4,6,9,11.29,2.51,1.52E+03,0
Direct PRF,3564.01,10960995,1284.01,10960993,1:2,4.8,1,0,11.4,3.1,5.17E-02,1
Direct PRF,3586.01,7376490,3535.01,7376500,1:1,5.4,-1,0,15.18,-2.03,1.39E+01,0
Direct PRF,3591.01,6182846,3512.01,6182849,1:1,8.2,-2,1,13.72,1.08,5.13E+00,0
Direct PRF,3592.01,9851126,3513.01,9851142,1:1,21.4,1,5,7.63,5.55,1.80E+00,0
Direct PRF,3596.01,9025914,43.01,9025922,1:1,8.4,-2,-1,13.29,3.47,2.11E-02,1
Direct PRF,3615.01,3735634,003735629-pri,3735629,1:2,6.8,0,-2,16.14,-2.23,2.78E+01,0
Direct PRF,3619.01,8095110,008095099-pri,8095099,1:2,5.4,2,0,14.17,-1,8.50E+00,0
Direct PRF,3628.01,3542574,003542573-pri,3542573,1:2,10,-2,1,12.16,6.87,1.09E+00,0
Direct PRF,3632.01,3335813,003335816-pri,3335816,1:2,8.3,-2,1,12.08,1.71,2.66E+00,0
Direct PRF,3635.01,3327992,003327980-pri,3327980,1:2,9.1,-2,-1,12.12,3.46,6.74E+00,0
Direct PRF,3637.01,5193384,005193386-pri,5193386,1:1,8.2,1,1,14,5.07,4.11E-01,2
Direct PRF,3639.01,10491544,010491554-sec,10491554,1:1,4.4,1,1,15.02,-1.58,1.12E+01,0
Direct PRF,3667.01,11200767,011200773-pri,11200773,1:1,6.3,-2,1,13.67,-0.3,6.07E+00,0
Direct PRF,3668.01,8589731,008589754-pri,8589754,1:2,19.9,4,4,14,-0.76,8.49E+01,0
Direct PRF,3693.01,7695087,007695093-pri,7695093,1:1,8.5,-1,2,13.86,0.87,3.26E+01,0
Direct PRF,3701.01,6470521,006470516-pri,6470516,1:1,6.6,-1,-1,16.45,-2.59,8.44E+01,0
Direct PRF,3718.01,5036537,005036538-pri,5036538,1:2,11.7,-3,-1,13.35,2.21,4.14E+01,0
Direct PRF,3723.01,5471606,005471619-pri,5471619,1:1,11.2,1,-3,12.37,-1.55,4.70E+01,0
Direct PRF,3734.01,10275880,010275887-pri,10275887,1:1,10,2,-1,13.04,0.17,8.55E+01,0
Direct PRF,3741.01,8780959,3653.01,8780968,1:1,8.1,2,1,16.3,-3,7.05E+01,0
Direct PRF,3747.01,9777087,3672.01,9777090,1:1,4.1,1,0,17.78,-0.71,8.29E+00,0
Direct PRF,3747.02,9777087,009777062-pri,9777062,1:1,22.8,-5,3,12.24,4.82,8.27E+01,0
Direct PRF,3748.01,4247807,004247791-pri,4247791,1:2,13.9,-4,-1,11.26,3.55,1.89E+01,0
Direct PRF,3752.01,6314185,3708.01,6314173,1:1,7,0,-2,17.72,-2.83,4.71E+01,0
Direct PRF,3759.01,8543279,008543278-pri,8543278,1:1,5.7,1,1,14.61,1.38,5.11E+00,0
Direct PRF,3769.01,6543683,006543674-sec,6543674,1:2,11.6,3,0,13.54,0.46,3.97E+01,0
Direct PRF,3774.01,6205481,006205460-sec,6205460,1:1,18.1,-4,2,12.75,2.93,2.48E+02,0
Direct PRF,3775.01,7220320,1350.01,7220322,1:1,4.5,0,1,11.88,2.2,1.43E-01,1
Direct PRF,3785.01,4073730,3525.01,4073707,1:1,9.9,0,-3,14.12,-3.06,1.03E+02,0
Direct PRF,3789.01,8906045,008906039-pri,8906039,1:1,3.9,1,-1,12.62,1.55,1.02E+00,1
Direct PRF,3796.01,3338674,3795.01,3338660,1:1,8.5,2,1,14.81,-2.1,9.33E+01,0
Direct PRF,3798.01,5475736,005475712-pri,5475712,1:1,12.6,-2,-2,13.28,0.73,7.06E+01,0
Direct PRF,3802.01,5020044,3688.01,5020034,1:1,6.9,0,-1,15.81,-1.98,1.84E+02,0
Direct PRF,3803.01,6286155,006286161-pri,6286161,1:1,7.5,-1,-2,16.71,-2.95,9.85E+01,0
Direct PRF,3806.01,5305471,005217733-pri,5217733,1:1,52.2,8,-10,7.39,6.79,4.67E+01,0
Direct PRF,3816.01,7877818,007877824-sec,7877824,1:1,8.2,-1,-2,15.65,-1.83,1.20E+02,0
Direct PRF,3820.01,5305404,005217733-pri,5217733,1:1,49.4,12,-2,7.39,7.33,3.62E+01,0
Direct PRF,3821.01,5956776,2616.01,5956787,1:1,8.2,-1,2,12.09,4.65,7.44E-03,1
Direct PRF,3826.01,8240123,008240109-pri,8240109,1:1,11.7,2,2,13.49,2.33,6.97E+01,0
Direct PRF,3828.01,10031907,010031808-pri,10031808,1:1,69.4,-17,0,9.56,5.09,2.87E+02,0
Direct PRF,3834.01,3836399,003836439-pri,3836439,1:1,37.7,9,3,7.57,6.88,4.55E+01,0
Direct PRF,3839.01,10095484,010095469-pri,10095469,1:1,15.2,-3,1,14.69,-0.31,2.37E+02,0
Direct PRF,3840.01,5467102,3825.01,5467113,1:1,7.5,-1,-1,15.83,-0.47,1.87E+01,0
Direct PRF,3843.01,5305451,005217733-pri,5217733,1:1,100.2,21,-14,7.39,8.01,4.35E+01,0
Direct PRF,3845.01,11824218,011824222-pri,11824222,1:1,6.3,2,0,14.5,-0.77,8.81E+00,0
Direct PRF,3847.01,7289165,399.01,7289157,1:1,14.7,4,1,12.95,-0.09,2.35E+02,0
Direct PRF,3860.01,9641008,FL-Lyr-pri,9641031,1:1,70,-10,-14,9.18,5.31,6.50E+02,0
Direct PRF,3862.01,3644601,003644542-pri,3644542,3:1,71.5,17,-4,8.35,6.81,2.04E+02,0
Direct PRF,3862.02,3644601,003644542-pri,3644542,1:1,71.5,17,-4,8.35,6.81,1.23E+03,0
Direct PRF,3866.01,5215980,005215999-pri,5215999,1:1,8.6,1,1,14.11,1.1,7.73E+00,0
Direct PRF,3870.01,8258160,286.01,8258171,1:1,9.3,-2,2,11.64,4.73,1.38E-02,1
Direct PRF,3871.01,9752982,3162.01,9752973,1:1,13,-3,0,10.05,2.18,1.02E-01,1
Direct PRF,3872.01,4666008,004665989-pri,4665989,1:1,19.3,4,-3,13.02,1.42,3.86E+02,0
Direct PRF,3877.01,9159265,009159301-pri,9159301,1:1,34.5,-9,-1,12.15,2.36,2.40E+03,0
Direct PRF,3879.01,5560830,005560831-pri,5560831,1:1,7.3,2,-1,16.09,-1.64,3.42E+01,0
Direct PRF,3883.01,9592850,009592855-pri,9592855,1:1,6.9,0,1,12.22,4.18,3.62E-01,2
Direct PRF,3884.01,4579313,004579321-sec,4579321,1:1,7.3,-1,2,17.39,-2.58,5.88E+01,0
Direct PRF,3887.01,5308419,2724.01,5308387,2:1,13.8,-4,-1,12.88,0.6,2.52E-01,1
Direct PRF,3895.01,12106934,359.01,12106929,1:1,12,1,2,13.8,4.56,1.03E-02,1
Direct PRF,3902.01,10583225,T-Lyr1-01013-pri,10583181,1:1,71.8,-17,-4,11.01,3.54,1.46E+03,0
Direct PRF,3905.01,8487748,V2277-Cyg-pri,8552540,1:1,102.6,-3,25,10.29,5.16,5.49E+02,0
Direct PRF,3910.01,10491062,T-Cyg1-12368-sec,10491031,1:2,16.9,-4,-2,13.24,2.09,3.00E+02,0
Direct PRF,3914.01,5471496,V380-Cyg-pri,5385723,1:1,198.2,39,30,5.77,10.12,1.66E+02,0
Direct PRF,3915.01,4544620,004544587-pri,4544587,1:1,52,-1,13,10.8,5.07,4.14E+02,0
Direct PRF,3920.01,2437488,002437452-pri,2437452,1:1,10.6,0,3,16.98,-2.02,9.73E+01,0
Direct PRF,3927.01,8868649,008868650-pri,8868650,1:1,25.8,3,-6,11.94,2.08,2.60E+03,0
Direct PRF,3931.01,10661718,010661783-pri,10661783,1:1,66.9,-15,-9,9.59,5.69,5.10E+02,0
Direct PRF,3932.01,6137681,006137704-pri,6137704,2:1,9.6,-1,-3,14.16,1.32,1.12E+01,0
Direct PRF,3941.01,8552587,V2277-Cyg-pri,8552540,1:1,58.7,6,13,10.29,3.83,1.15E+03,0
Direct PRF,3947.01,5952366,005952403-pri,5952403,1:1,34.5,0,9,6.97,6.41,1.51E+00,0
Direct PRF,3948.01,6045250,006045264-pri,6045264,1:1,9,2,0,13.44,1.53,3.86E+01,0
Direct PRF,3949.01,5598595,005598639-pri,5598639,1:2,67.8,-13,11,10.2,5.2,3.86E+02,0
Direct PRF,3950.01,4544572,004544587-pri,4544587,1:1,36.6,1,-9,10.8,4.94,2.29E+02,0
Direct PRF,3951.01,5738634,005738698-pri,5738698,1:2,72,18,-1,11.94,1.31,3.89E+03,0
Direct PRF,3955.01,9899414,BR-Cyg-pri,9899416,1:1,43.4,6,9,10.03,4.89,6.56E+02,0
Direct PRF,3957.01,7458309,007458285-pri,7458285,1:1,18.4,3,-3,13.52,0.35,1.72E+03,0
Direct PRF,3958.01,7777372,007777443-pri,7777443,1:1,53.7,-7,12,11.91,2.24,3.16E+03,0
Direct PRF,3965.01,5385575,V380-Cyg-pri,5385723,1:1,151.6,-14,-35,5.77,8.88,2.79E+02,0
Direct PRF,3967.01,5385697,V380-Cyg-pri,5385723,1:1,229,-48,-32,5.77,9.83,9.12E+02,0
Direct PRF,3970.01,9412445,009412462-pri,9412462,1:1,15.4,4,0,14.85,-0.2,1.22E+03,0
Direct PRF,3971.01,7866914,007866921-sec,7866921,4:1,15.1,-4,1,14.8,-0.75,4.17E+01,0
Direct PRF,3976.01,4544571,004544587-pri,4544587,1:1,28.2,4,-5,10.8,4.95,1.53E+02,0
Direct PRF,3978.01,10090219,010090246-pri,10090246,1:1,16.7,-3,2,13.57,1.55,5.48E+02,0
Direct PRF,3979.01,9899217,BR-Cyg-pri,9899416,1:1,181.5,45,-3,10.03,5.24,4.74E+03,0
Direct PRF,3985.01,9602562,V995-Cyg-pri,9602595,1:1,104.7,5,26,11.88,2.5,3.91E+03,0
Direct PRF,3987.01,10407020,V2083-Cyg-pri,10342012,1:2,170.4,41,-13,6.9,6.47,1.98E+03,0
Direct PRF,3988.01,5385491,V380-Cyg-sec,5385723,1:1,212.2,-14,-51,5.77,7.81,7.59E+03,0
Direct PRF,3990.01,6421503,006421483-pri,6421483,1:1,20.3,4,4,13.02,2.22,4.72E+02,0
Direct PRF,3992.01,3228988,V404-Lyr-pri,3228863,1:1,84.4,8,20,11.82,3.5,2.53E+03,0
Direct PRF,3996.01,3228804,V404-Lyr-pri,3228863,1:1,61.4,4,-14,11.82,3.19,2.40E+03,0
Direct PRF,4000.01,5471675,005471619-pri,5471619,1:1,53.5,1,13,12.37,0.94,6.98E+03,0
Direct PRF,4001.01,9851943,009851944-pri,9851944,1:2,33.2,-4,7,11.25,4,9.42E+02,0
Direct PRF,4003.01,2708420,UZ-Lyr-pri,2708156,1:1,187.9,16,45,10.67,3.24,7.00E+03,0
Direct PRF,4006.01,5471690,V380-Cyg-sec,5385723,1:1,241.2,10,60,5.77,7.1,5.16E+03,0
Direct PRF,4010.01,5288577,005288543-pri,5288543,1:2,25.8,0,-7,13.59,0.01,1.49E+03,0
Direct PRF,4013.01,4832225,004832197-pri,4832197,1:2,39,-10,-1,11.51,-2.44,1.02E+02,1
Direct PRF,4023.01,6862332,865.01,6862328,3:1,5,1,0,15.09,0.56,2.11E+00,0
Direct PRF,4025.01,10992011,010991989-pri,10991989,1:1,20.3,-4,1,10.28,4.37,3.62E+01,0
Direct PRF,4028.01,7818447,007818448-pri,7818448,1:1,12.5,2,3,13.89,-0.3,1.06E+01,0
Direct PRF,4031.01,3228986,V404-Lyr-pri,3228863,1:1,80.4,11,17,11.82,2.37,5.43E+03,0
Direct PRF,4035.01,3247404,121.01,3247396,1:1,6.8,-2,0,12.76,5.77,2.07E-02,1
Direct PRF,4041.01,8647295,008647309-pri,8647309,1:1,7.7,-1,-2,16.63,-2.04,1.73E+02,0
Direct PRF,4045.01,2708203,UZ-Lyr-pri,2708156,1:1,105.1,25,-6,10.67,2.84,8.97E+03,0
Direct PRF,4046.01,4150496,004150611-pri,4150611,1:1,98,24,-7,7.9,7.64,1.14E+02,0
Direct PRF,4055.01,3228825,V404-Lyr-pri,3228863,1:1,66,-17,3,11.82,0.21,1.74E+04,0
Direct PRF,4059.01,9220612,009220600-pri,9220600,1:1,21.2,4,4,12.26,3.01,3.94E+02,0
Direct PRF,4064.01,5444334,005444392-pri,5444392,1:2,44.8,4,11,11.38,4.54,2.33E+03,0
Direct PRF,4071.01,2708286,UZ-Lyr-pri,2708156,1:1,127.6,31,6,10.67,4.48,3.86E+03,0
Direct PRF,4075.01,7777471,007777443-pri,7777443,1:1,64.8,-3,-16,11.91,2.63,4.53E+03,0
Direct PRF,4077.01,7690855,007690843-pri,7690843,1:1,15.2,4,0,11.08,2.96,6.38E+01,0
Direct PRF,4078.01,5649837,3831.01,5649836,1:1,12,-2,1,16.38,-1.13,1.97E+02,0
Direct PRF,4080.01,5036480,005036538-pri,5036538,1:2,35.2,-1,-8,13.35,1.86,2.29E+03,0
Direct PRF,4085.01,5041847,005041843-pri,5041843,2:1,6.1,1,-2,17.03,-2.45,1.92E+01,0
Direct PRF,4086.01,3836558,003836439-pri,3836439,1:1,126.6,-18,-26,7.57,7.04,3.73E+02,0
Direct PRF,4090.01,9899233,BR-Cyg-pri,9899416,1:1,186.6,46,5,10.03,5.14,4.99E+03,0
Direct PRF,4102.01,2708278,UZ-Lyr-pri,2708156,1:1,169.6,-20,38,10.67,3.81,6.12E+03,0
Direct PRF,4106.01,11017094,011017077-pri,11017077,1:1,24,-5,4,13.45,1.57,1.17E+03,0
Direct PRF,4108.01,9899065,BR-Cyg-pri,9899416,1:1,361.9,91,2,10.03,5.83,3.66E+03,0
Direct PRF,4110.01,5471792,V380-Cyg-pri,5385723,1:1,312.8,7,79,5.77,7.6,3.45E+03,0
Direct PRF,4111.01,2708343,UZ-Lyr-pri,2708156,1:1,160.5,37,16,10.67,4.5,3.12E+03,0
Direct PRF,4118.01,10661778,010661783-pri,10661783,1:1,42.6,-10,5,9.59,8.08,3.68E+01,0
Direct PRF,4119.01,5513857,005513861-pri,5513861,1:2,49.9,5,11,11.64,3.8,1.80E+03,0
Direct PRF,4122.01,9851970,009851944-pri,9851944,1:2,89.4,-14,17,11.25,4.22,1.82E+03,0
Direct PRF,4130.01,10858803,V753-Cyg-pri,10858720,1:1,91.1,9,21,10.97,4.64,1.90E+03,0
Direct PRF,4143.01,10294509,T-Cyg1-08427-pri,10294608,1:2,67.8,17,1,13.34,2.36,1.26E+03,0
Direct PRF,4148.01,12257886,012257908-pri,12257908,1:1,53.4,-4,12,10.43,4.75,8.25E+02,0
Direct PRF,4155.01,5471271,V380-Cyg-pri,5385723,1:1,243.8,61,-5,5.77,7.83,4.68E+03,0
Direct PRF,4167.01,5475735,005475712-pri,5475712,1:1,20.5,2,-4,13.28,1.12,2.05E+03,0
Direct PRF,4168.01,9402583,V2281-Cyg-pri,9402652,1:2,86.9,22,0,11.82,4.07,1.81E+03,0
Direct PRF,4170.01,8700537,008700506-sec,8700506,1:1,21.8,-5,4,13.48,0.89,1.87E+03,0
Direct PRF,4171.01,10858785,V753-Cyg-pri,10858720,1:1,74.4,4,18,10.97,4.9,1.41E+03,0
Direct PRF,4172.01,9640907,FL-Lyr-pri,9641031,1:2,170.1,30,-30,9.18,6.52,3.25E+03,0
Direct PRF,4174.01,3328027,003327980-pri,3327980,1:2,51.7,-3,-12,12.12,3.51,2.82E+03,0
Direct PRF,4175.01,9640931,FL-Lyr-pri,9641031,1:1,151.6,2,-38,9.18,6.74,1.64E+03,0
Direct PRF,4177.01,9640962,FL-Lyr-pri,9641031,1:2,122.6,31,-5,9.18,6.29,2.57E+03,0
Direct PRF,4181.01,9899315,BR-Cyg-pri,9899416,1:1,203.7,39,33,10.03,5.35,6.43E+03,0
Direct PRF,4182.01,9541089,009541127-pri,9541127,1:1,23.4,-6,2,12.56,1.4,1.51E+03,0
Direct PRF,4183.01,10858737,010858720-sec,10858720,1:1,88.3,-14,17,10.97,2.57,1.20E+04,0
Direct PRF,4195.01,9959545,BR-Cyg-pri,9899416,1:1,141.5,-14,-33,10.03,4.12,1.34E+04,0
Direct PRF,4206.01,8487805,V2277-Cyg-pri,8552540,1:2,154.7,16,35,10.29,4.76,5.66E+03,0
Direct PRF,4211.01,5078025,005077994-sec,5077994,1:1,34.3,8,-4,12.67,2.37,2.28E+03,0
Direct PRF,4213.01,5632701,005632781-sec,5632781,1:3,48.7,-5,11,12.11,1.88,9.19E+03,0
Direct PRF,4219.01,4678919,3664.01,4678875,1:1,29.3,2,7,13.24,0.45,4.75E+03,0
Direct PRF,4221.01,6364067,TT-Lyr-pri,6364290,1:1,202.3,-33,-39,9.49,6.07,1.02E+04,0
Direct PRF,4225.01,9535876,4228.01,9535881,1:1,21.5,4,-4,13.4,1.52,2.52E+01,0
Direct PRF,4227.01,7816665,007816680-pri,7816680,1:2,13.2,-3,2,15.57,0.31,4.99E+02,0
Direct PRF,4229.01,11616596,011616594-pri,11616594,1:1,28.4,4,-6,11.17,1.45,8.65E+03,0
Direct PRF,4236.01,2449101,002449084-pri,2449084,1:1,24.9,4,-5,15.02,0.03,1.93E+03,0
Direct PRF,4239.01,9640924,FL-Lyr-pri,9641031,1:1,143.3,30,-20,9.18,5.8,3.51E+03,0
Direct PRF,4244.01,5097454,005097446-pri,5097446,1:1,9.5,0,-2,13.89,1.42,3.15E+01,0
Direct PRF,4248.01,4568117,V1130-Cyg-pri,4660997,1:1,88.9,2,-22,12.32,1.22,1.77E+04,0
Direct PRF,4250.01,9641076,FL-Lyr-pri,9641031,1:1,143.3,15,33,9.18,5.95,3.48E+03,0
Direct PRF,4254.01,8487645,V2277-Cyg-pri,8552540,1:2,125.7,-31,0,10.29,2.43,2.23E+04,0
Direct PRF,4256.01,5817613,005817566-sec,5817566,1:2,44.5,-11,-1,11.68,4.21,5.75E+02,0
Direct PRF,4258.01,7115925,RR-Lyr-pri,7198959,1:1,700.2,66,-164,7.86,4.67,2.83E+04,0
Direct PRF,4262.01,9641144,FL-Lyr-pri,9641031,1:2,173.5,-26,35,9.18,4.76,1.01E+04,0
Direct PRF,4265.01,7368137,007368103-pri,7368103,1:1,21.7,3,-5,13.42,1.48,1.43E+03,0
Direct PRF,4277.01,6525280,006525196-pri,6525196,1:2,84.8,0,21,10.15,3.23,2.92E+03,0
Direct PRF,4278.01,4861784,2870.01,4861791,1:1,16.5,4,1,15.96,0.04,1.43E+00,1
Direct PRF,4284.01,10156055,010156064-pri,10156064,1:2,58.1,-8,12,10.37,3.68,1.55E+03,0
Direct PRF,4293.01,5817533,005817566-sec,5817566,1:2,51.4,-9,9,11.68,3.63,8.81E+02,0
Direct PRF,4297.01,12107008,3895.01,12106934,1:1,96.9,-22,10,18.36,-3.66,3.12E+02,1
Direct PRF,4315.01,10342248,V2083-Cyg-pri,10342012,1:2,229.2,-34,-45,6.9,7.86,1.93E+03,0
Direct PRF,4321.01,12418891,T-Cyg1-06587-pri,12418816,1:2,73.4,-11,15,12.4,3.45,1.36E+03,0
Direct PRF,4324.01,9910942,3513.01,9851142,1:1,183.3,-33,32,7.63,5.17,1.67E+03,0
Direct PRF,4332.01,8953414,008953426-pri,8953426,1:2,82.8,13,16,12.16,3.23,8.91E+02,0
Direct PRF,4339.01,7281411,RR-Lyr-pri,7198959,1:1,602.9,45,144,7.86,7.91,3.12E+03,0
Direct PRF,4352.01,2708221,UZ-Lyr-pri,2708156,1:1,64.7,16,4,10.67,5.49,3.33E+02,0
Direct PRF,4368.01,5471489,V380-Cyg-pri,5385723,1:1,297.2,62,41,5.77,7.27,2.96E+03,0
Direct PRF,4373.01,6778008,006778050-sec,6778050,1:1,22.7,-2,-5,14.51,0.75,2.67E+03,0
Direct PRF,4376.01,2570773,UZ-Lyr-pri,2708156,1:1,230.8,58,0,10.67,6.18,5.89E+02,0
Direct PRF,4381.01,9851360,3513.01,9851142,1:1,184.5,-45,9,7.63,7.68,3.22E+02,0
Direct PRF,4408.01,10736179,V2290-Cyg-pri,10736223,1:1,46.5,9,7,13.65,2.16,6.02E+03,0
Direct PRF,4415.01,7777522,007777443-pri,7777443,1:1,56.9,15,-1,11.91,3.85,2.32E+03,0
Direct PRF,4420.01,7031942,RR-Lyr-pri,7198959,1:1,789.3,117,-161,7.86,6.01,1.78E+04,0
Direct PRF,4434.01,2305311,002305372-pri,2305372,1:1,42.6,2,10,13.82,1.14,5.58E+03,0
Direct PRF,4439.01,9899630,BR-Cyg-pri,9899416,1:1,189.7,-35,33,10.03,5.53,6.76E+03,0
Direct PRF,4461.01,11912987,011913071-pri,11913071,1:1,122.5,17,26,9.53,4.04,2.64E+03,0
Direct PRF,4465.01,2576224,489.01,2576197,1:1,15.7,-1,3,14.61,-1.88,1.91E+01,1
Direct PRF,4472.01,7031430,RR-Lyr-pri,7198959,1:1,1011,48,-250,7.86,7.65,4.62E+03,0
Direct PRF,4475.01,11912916,011913071-pri,11913071,1:1,236,44,39,9.53,6.29,7.96E+02,0
Direct PRF,4476.01,3732894,003836439-pri,3836439,1:1,155,24,-31,7.57,6.73,7.69E+02,0
Direct PRF,4479.01,3644602,003644542-pri,3644542,3:1,133.3,33,5,8.35,6.79,4.35E+02,0
Direct PRF,4481.01,11912941,011913071-pri,11913071,1:1,189.7,28,38,9.53,5.6,1.29E+03,0
Direct PRF,4483.01,6525106,006525196-pri,6525196,1:2,106.3,-1,-27,10.15,5.27,1.30E+03,0
Direct PRF,4507.01,7598111,007598128-pri,7598128,3:1,16.8,0,4,13.2,0.14,1.85E+00,1
Direct PRF,4518.01,7032001,RR-Lyr-pri,7198959,1:1,919,157,-170,7.86,6.98,1.06E+04,0
Direct PRF,4527.01,3438976,003439031-sec,3439031,1:2,83.8,-21,3,11.29,2.82,7.74E+03,0
Direct PRF,4536.01,7281484,RR-Lyr-pri,7198959,1:1,650.9,67,149,7.86,4.46,3.67E+04,0
Direct PRF,4539.01,3962872,003858884-sec,3858884,1:1,213.5,31,45,9.28,4.87,2.17E+03,0
Direct PRF,4540.01,12108293,012108333-pri,12108333,1:1,50.3,-1,13,13.23,1.61,4.08E+03,0
Direct PRF,4542.01,9640946,FL-Lyr-pri,9641031,1:2,153.8,38,-8,9.18,5.78,5.72E+03,0
Direct PRF,4560.01,5282437,005282464-pri,5282464,2:1,17.4,0,-4,12.8,2.31,2.74E+02,0
Direct PRF,4568.01,10407086,V2083-Cyg-pri,10342012,1:2,349.6,82,-31,6.9,5.98,9.01E+03,0
Direct PRF,4573.01,4848321,3560.01,4848423,1:1,87,-21,5,11.82,3.2,4.35E+03,0
Direct PRF,4574.01,6522745,006522750-pri,6522750,1:1,43.5,-9,5,11.23,4.72,8.35E+02,0
Direct PRF,4578.01,9652655,009652632-sec,9652632,1:2,38.5,8,6,11.58,3.19,1.14E+03,0
Direct PRF,4592.01,12108364,012108333-pri,12108333,1:1,52.4,-1,-13,13.23,2.6,3.51E+03,0
Direct PRF,4594.01,5696918,005696909-sec,5696909,1:1,8.6,2,0,14.98,-0.18,2.84E+01,0
Direct PRF,4596.01,8487838,V2277-Cyg-pri,8552540,1:1,223.6,17,54,10.29,3.88,8.66E+03,0
Direct PRF,4607.01,11912911,011913071-pri,11913071,1:1,255.6,54,35,9.53,5.99,1.20E+03,0
Direct PRF,4615.01,9345819,009345838-pri,9345838,1:1,66.8,-12,11,12.38,3.43,1.87E+03,0
Direct PRF,4631.01,9602421,V995-Cyg-pri,9602595,1:1,134.2,-34,1,11.88,0.96,4.06E+04,0
Direct PRF,4641.01,3644505,003644542-pri,3644542,1:1,198.3,38,32,8.35,5.24,2.68E+03,0
Direct PRF,4645.01,11076276,011076279-pri,11076279,1:1,28.5,-6,5,14.21,0.91,2.66E+03,0
Direct PRF,4652.01,5817685,005817566-sec,5817566,1:2,62.2,-4,-15,11.68,3.05,3.87E+03,0
Direct PRF,4662.01,10407210,V2083-Cyg-pri,10342012,1:2,265.9,51,-43,6.9,4.06,1.80E+04,0
Direct PRF,4671.01,5428471,005513861-pri,5513861,1:2,87.2,-15,-16,11.64,4.07,9.00E+02,0
Direct PRF,4673.01,10794509,V753-Cyg-pri,10858720,3:2,171.1,43,0,10.97,1.65,9.23E+03,0
Direct PRF,4678.01,4247811,004247791-pri,4247791,1:2,44.7,-10,-6,11.26,3.09,2.07E+03,0
Direct PRF,4679.01,6543645,006543674-sec,6543674,1:2,40.3,7,8,13.54,-0.09,1.50E+04,0
Direct PRF,4682.01,5024252,005024292-pri,5024292,1:2,19,-2,5,14.57,-1.25,1.94E+03,0
Direct PRF,4684.01,9602775,V995-Cyg-pri,9602595,1:1,134.2,29,-16,11.88,4.04,9.40E+03,0
Direct PRF,4688.01,4851145,004851217-sec,4851217,1:2,90.8,22,-2,11.11,4.53,1.26E+03,0
Direct PRF,4696.01,9851845,009851944-pri,9851944,1:2,113.9,7,27,11.25,2.63,4.98E+03,0
Direct PRF,4697.01,9474483,009474485-pri,9474485,1:2,20.9,3,-4,14.88,0.6,3.19E+03,0
Direct PRF,4701.01,8625732,008560861-pri,8560861,1:1,115.2,-20,21,8.5,6.32,4.25E+02,0
Direct PRF,4718.01,7282042,RR-Lyr-pri,7198959,1:1,1127.9,112,260,7.86,5.59,2.71E+04,0
Direct PRF,4720.01,3109937,1112.01,3109930,1:1,4.8,1,2,14.63,1.12,7.25E-01,1
Direct PRF,4729.01,11913072,011913071-pri,11913071,1:1,102.6,-22,14,9.53,4.88,2.35E+03,0
Direct PRF,4731.01,9083470,009083523-pri,9083523,1:1,80.2,-18,7,12.71,3.19,3.22E+03,0
Direct PRF,4732.01,7870282,007938870-pri,7938870,1:1,46.1,12,2,12.29,2.94,4.32E+03,0
Direct PRF,4736.01,5282477,005282464-pri,5282464,2:1,23.4,-4,5,12.8,2.24,8.87E+02,0
Direct PRF,4741.01,8129005,008128965-pri,8128965,1:1,27.9,-7,-3,13.23,1.51,1.87E+03,0
Direct PRF,4753.01,4544628,004544587-sec,4544587,1:3,112.9,7,28,10.8,1.74,1.34E+04,0
Direct PRF,4757.01,7435780,007518816-pri,7518816,2:1,40.3,-1,-10,12.85,2.17,3.56E+03,0
Direct PRF,4760.01,9474232,009474222-pri,9474222,1:1,18.2,-3,3,13.28,1.29,9.76E+02,0
Direct PRF,4761.01,3859151,003858884-pri,3858884,1:1,194.1,-11,48,9.28,5.6,2.02E+03,0
Direct PRF,4767.01,5802292,005802285-pri,5802285,1:2,7,0,-2,15.35,0.56,3.32E+01,0
Direct PRF,4806.01,4647662,004647652-pri,4647652,1:1,47.3,9,8,11.81,2.96,2.56E+03,0
Direct PRF,4812.01,8043721,008043961-pri,8043961,1:2,209.6,53,2,10.74,4.97,2.08E+03,0
Direct PRF,4845.01,11456405,2771.01,11456382,1:1,21,0,-5,11.75,3.62,2.31E+00,0
Direct PRF,4847.01,4544684,004544587-pri,4544587,1:1,120.9,-15,27,10.8,4.12,5.87E+03,0
Direct PRF,4851.01,4851239,004851217-pri,4851217,1:2,77.6,-19,6,11.11,0.33,1.17E+04,0
Direct PRF,4863.01,5471566,005471619-pri,5471619,1:1,109.3,28,2,12.37,3.1,4.35E+03,0
Direct PRF,4866.01,7117355,RR-Lyr-pri,7198959,1:1,946.7,220,90,7.86,7.03,1.18E+04,0
Direct PRF,4867.01,9509223,009509207-pri,9509207,1:1,34.4,-8,0,13.13,0.46,2.58E+03,0
Direct PRF,4870.01,4665991,004665989-pri,4665989,1:2,35.6,-8,-4,13.02,1.65,5.88E+03,0
Direct PRF,4874.01,7117549,RR-Lyr-pri,7198959,1:1,1027.3,208,152,7.86,7.2,1.39E+04,0
Direct PRF,4879.01,9850966,3513.01,9851142,1:1,160.5,39,-10,7.63,8.23,1.95E+02,0
Direct PRF,4882.01,6522824,006522750-pri,6522750,1:1,64.5,6,15,11.23,4.58,6.66E+02,0
Direct PRF,4894.01,10031918,010031808-pri,10031808,1:1,117.8,-26,13,9.56,5.28,1.49E+03,0
Direct PRF,4897.01,9910828,3513.01,9851142,6:1,206.6,-21,47,7.63,7.25,1.99E+02,0
Direct PRF,4901.01,10661917,010661783-pri,10661783,1:1,128.2,26,19,9.59,3.39,1.09E+04,0
Direct PRF,4908.01,3962684,003858884-sec,3858884,1:1,108.6,27,6,9.28,4.68,2.77E+03,0