time, circaper5, circaper0
2749.6107,1.0027005,1.0066289
2749.6311,1.0022756,1.0070859
2749.6516,1.0004354,1.0063466
2749.672,1.0006527,1.0064924
2749.6924,1.0011518,1.0064325
2749.7129,1.0023726,1.0062042
2749.7333,1.0007618,1.0060773
2749.7537,1.0024949,1.0073859
2749.7742,1.0011568,1.0064759
2749.7946,1.0026478,1.0068047
2749.815,1.0018695,1.0067914
2749.8355,1.0019226,1.0067677
2749.8559,1.0021304,1.0071437
2749.8763,1.001279,1.0061354
2749.9172,1.0024848,1.0072287
2749.9376,1.002495,1.0074134
2749.958,1.0023988,1.0070808
2749.9785,1.002157,1.0070326
2749.9989,1.001817,1.0073104
2750.0193,1.0023655,1.007236
2750.0398,1.0031088,1.0075691
2750.0602,1.0029811,1.0072518
2750.0806,1.0010393,1.0070863
2750.1011,1.0016367,1.0070117
2750.1215,1.0025473,1.0069913
2750.1419,1.0021975,1.0071806
2750.1624,1.0029937,1.0074058
2750.1828,1.0018767,1.0070908
2750.2032,1.0017428,1.0069986
2750.2237,1.0023903,1.0068669
2750.2441,1.003422,1.0070986
2750.2645,1.0018986,1.0064617
2750.285,1.0022574,1.007044
2750.3054,1.0021781,1.006884
2750.3258,1.0020344,1.0071105
2750.3462,1.0029112,1.0075036
2750.3667,1.0032744,1.0071266
2750.3871,1.0014352,1.0071493
2750.4075,1.0016537,1.0067221
2750.428,1.002422,1.007043
2750.4484,1.0032411,1.0067245
2750.4688,1.0014448,1.0062898
2750.4893,1.0023932,1.0068254
2750.5097,1.0025417,1.0068557
2750.5301,1.0029557,1.0072212
2750.5506,1.0018512,1.0071144
2750.571,1.0025236,1.0065686
2750.5914,1.0044474,1.0071971
2750.6119,1.0022665,1.006635
2750.6527,1.0032889,1.0084333
2750.6732,1.0012742,1.0070027
2750.6936,1.0025674,1.0074439
2750.714,1.0025842,1.00725
2750.7345,1.0012663,1.0065513
2750.7549,1.0024055,1.0068232
2750.7753,1.0024869,1.0071332
2750.7958,1.0026769,1.0070326
2750.8162,1.0062092,1.0071451
2750.8366,1.0022906,1.0068252
2750.857,1.0026917,1.0075306
2750.8775,1.0031873,1.0070108
2750.8979,1.0025854,1.0066272
2750.9183,1.0022831,1.0071925
2750.9388,1.00211,1.0067842
2750.9592,1.0023657,1.0069646
2750.9796,1.001166,1.0067424
2751.0001,1.0034058,1.0073754
2751.0205,1.0024593,1.0069758
2751.0409,1.0024812,1.0072695
2751.0614,1.0028774,1.0074145
2751.0818,1.0029564,1.008175
2751.1022,1.0018336,1.0071166
2751.1431,1.0023699,1.0067447
2751.1635,1.0025764,1.0071221
2751.184,1.0028542,1.0071625
2751.2044,1.0015415,1.0070462
2751.2248,1.002822,1.007124
2751.2453,1.0024906,1.0072504
2751.2657,1.0022066,1.0069473
2751.2861,1.0031622,1.0072364
2751.3066,1.0022472,1.0074279
2751.327,1.0022068,1.0068373
2751.3474,1.0026653,1.0066491
2751.3678,1.0027459,1.007188
2751.3883,1.0035161,1.0076933
2751.4087,1.0018592,1.0069417
2751.4291,1.0032262,1.0071548
2751.4496,1.0020808,1.0068179
2751.47,1.0027162,1.007149
2751.4904,1.0030579,1.0071032
2751.5109,1.002547,1.0074111
2751.5313,1.0017811,1.0066345
2751.5517,1.0035698,1.007482
2751.5722,1.0024116,1.0069641
2751.5926,1.0020676,1.0065194
2751.613,1.0027223,1.0071243
2751.6335,1.0021112,1.0069564
2751.6539,1.0036379,1.0074078
2751.6743,1.0033791,1.0070564
2751.6948,1.0019513,1.0067207
2751.7152,1.0026878,1.0078823
2751.7356,1.0026332,1.0071792
2751.7561,1.0016208,1.0068298
2751.7765,1.0027407,1.0072301
2751.7969,1.0023664,1.0069618
2751.8174,1.0031353,1.0069812
2751.8378,1.0021894,1.0067358
2751.8582,1.0031919,1.0072113
2751.8786,1.0020692,1.0070717
2751.8991,1.0020547,1.0067132
2751.9195,1.0013137,1.0071888
2751.9399,1.0025643,1.007038
2751.9604,1.0024048,1.0070767
2751.9808,1.0024439,1.0072968
2752.0012,1.0032187,1.0074541
2752.0217,1.0017202,1.0069537
2752.0421,1.0009841,1.006561
2752.0625,1.0023525,1.0076709
2752.083,1.0029425,1.007529
2752.1238,1.0024022,1.0071585
2752.1443,1.0027234,1.0072817
2752.1647,1.0021157,1.0067534
2752.1851,1.0039466,1.0076896
2752.2056,1.0025574,1.0071281
2752.226,1.0023405,1.0071391
2752.2464,1.002209,1.0071173
2752.2669,1.0026706,1.0074811
2752.2873,1.0028014,1.0074157
2752.3077,1.0029112,1.0076059
2752.3282,1.007146,1.0077784
2752.3486,1.0035037,1.007358
2752.369,1.0038159,1.0082331
2752.3894,1.0043219,1.007562
2752.4099,1.0035435,1.0073226
2752.4303,1.0020867,1.0069237
2752.4507,1.0024427,1.0073008
2752.4712,1.0023719,1.0074383
2752.4916,1.0030284,1.0076027
2752.512,1.0034404,1.0070115
2752.5325,1.0028938,1.0074346
2752.5529,1.0022595,1.0069363
2752.5733,1.0027538,1.0072281
2752.6142,1.0017476,1.0067843
2752.6346,1.0021949,1.0069072
2752.6551,1.0016952,1.0073013
2752.6755,1.0028912,1.007127
2752.6959,1.0024458,1.0071187
2752.7164,1.0020548,1.0071422
2752.7368,1.0045055,1.0074475
2752.7572,1.002502,1.0071969
2752.7777,1.0018117,1.0069692
2752.7981,1.0040782,1.0079542
2752.8185,1.0027311,1.0071479
2752.8389,1.0019408,1.00706
2752.8594,1.0028746,1.0075237
2752.8798,1.0030775,1.0077333
2752.9002,1.0045344,1.0077882
2752.9207,1.0033274,1.0077726
2752.9411,1.003772,1.0074262
2752.9615,1.0040212,1.0074735
2752.982,1.0030017,1.0075392
2753.0024,1.0046929,1.0073455
2753.0228,1.0025433,1.0069083
2753.0433,1.0027386,1.0073036
2753.0637,1.0030706,1.0072641
2753.125,1.0023651,1.0067143
2753.1454,1.0029454,1.0068474
2753.1659,1.0033154,1.0068828
2753.1863,1.00247,1.0068323
2753.2067,1.0037656,1.0075954
2753.2272,1.0039278,1.0076247
2753.2476,1.0033178,1.0073579
2753.268,1.0043468,1.0075844
2753.2885,1.0020245,1.0068305
2753.3089,1.0032728,1.0070006
2753.3293,1.0032536,1.0073015
2753.3497,1.0042195,1.007445
2753.3702,1.0035725,1.0076984
2753.3906,1.0042427,1.0079457
2753.411,1.0017211,1.0072991
2753.4315,1.0025595,1.0070129
2753.4519,1.0018712,1.007189
2753.4723,1.0011142,1.0068353
2753.4928,1.0016935,1.0075627
2753.5132,1.0032156,1.0075322
2753.5336,1.0013473,1.0071735
2753.5541,1.0026242,1.0073967
2753.5949,1.000367,1.005707
2753.6767,1.0031823,1.0074258
2753.6971,1.0030485,1.007732
2753.7175,1.0049551,1.0071928
2753.738,1.0035409,1.0075939
2753.7584,1.0031152,1.0075111
2753.7788,1.0036105,1.0073417
2753.7993,1.002754,1.007265
2753.8197,1.0030303,1.0071917
2753.8401,1.0025262,1.0069974
2753.8605,1.0025111,1.0069324
2753.881,1.0044198,1.0077052
2753.9014,1.0039789,1.0077145
2753.9218,1.0018375,1.00661
2753.9423,1.0033643,1.0076931
2753.9627,1.0036669,1.0079525
2753.9831,1.0035361,1.0069351
2754.0036,1.0024458,1.007125
2754.024,1.0038075,1.0072359
2754.0444,1.0031189,1.0072435
2754.0853,1.0043797,1.0078801
2754.1057,1.002759,1.0073865
2754.1262,1.0037276,1.0072898
2754.1466,1.0032484,1.0078419
2754.167,1.003691,1.0079402
2754.1875,1.003371,1.0074734
2754.2079,1.0038393,1.0077025
2754.2283,1.0029622,1.0077782
2754.2488,1.0039934,1.0077566
2754.2692,1.0030441,1.0072001
2754.2896,1.0025121,1.0073739
2754.31,1.0026429,1.0071278
2754.3305,1.0034581,1.0077412
2754.3509,1.0050178,1.0078211
2754.3713,1.0028141,1.0071402
2754.3918,1.0042107,1.0078524
2754.4122,1.0036741,1.0080351
2754.4326,1.0035765,1.0077208
2754.4531,1.0039128,1.007819
2754.4735,1.0026264,1.0076653
2754.4939,1.0026658,1.0072598
2754.5144,1.0030253,1.0077276
2754.5348,1.0038783,1.0073648
2754.5757,1.0045518,1.0077001
2754.5961,1.0037408,1.0076452
2754.6165,1.0018975,1.0070754
2754.637,1.0024991,1.0076402
2754.6574,1.0038297,1.0079496
2754.6778,1.0031982,1.0076886
2754.6983,1.0039987,1.0072661
2754.7187,1.00396,1.0077398
2754.7391,1.0024089,1.0072197
2754.7596,1.0028626,1.0071149
2754.78,1.0038913,1.0080047
2754.8004,1.0032967,1.0076032
2754.8208,1.0025429,1.0069867
2754.8413,1.0037011,1.0078521
2754.8617,1.003442,1.0076912
2754.8821,1.0044034,1.0078643
2754.9026,1.0021576,1.0070835
2754.923,1.0041071,1.0076579
2754.9434,1.0040646,1.0078398
2754.9639,1.0049048,1.0079539
2754.9843,1.0033581,1.0077993
2755.0047,1.0033684,1.0071191
2755.0252,1.0024241,1.0070332
2755.066,1.0042141,1.0078873
2755.0865,1.0037173,1.0074815
2755.1069,1.0036552,1.0078014
2755.1273,1.0036641,1.0075985
2755.1478,1.0038274,1.0072724
2755.1682,1.0040091,1.0080158
2755.1886,1.0044182,1.007721
2755.2091,1.0036508,1.0075501
2755.2295,1.0038246,1.0075758
2755.2499,1.0037476,1.0075447
2755.2703,1.0046717,1.007751
2755.2908,1.0044361,1.0078554
2755.3112,1.0036845,1.0075831
2755.3316,1.0039123,1.0072356
2755.3521,1.0038784,1.0078981
2755.3725,1.0033512,1.0075976
2755.3929,1.0041602,1.0077483
2755.4134,1.0037063,1.0076358
2755.4338,1.0031963,1.0070284
2755.4542,1.0035623,1.0075489
2755.4747,1.0034572,1.0071931
2755.4951,1.004822,1.0076005
2755.5155,1.0039276,1.0078709
2755.5564,1.0030741,1.0074798
2755.5768,1.0068679,1.0075035
2755.5973,1.0040899,1.0074534
2755.6177,1.0033145,1.0073537
2755.6381,1.0025145,1.0074732
2755.6586,1.0034703,1.0077324
2755.679,1.0049558,1.0083717
2755.6994,1.0044367,1.0073286
2755.7198,1.0032848,1.0073554
2755.7403,1.0047781,1.0082577
2755.7607,1.0032184,1.0074082
2755.8016,1.0040284,1.0079176
2755.822,1.0030283,1.0073071
2755.8424,1.0029291,1.0073995
2755.8629,1.0024696,1.0069961
2755.8833,1.0027683,1.0070814
2755.9037,1.0035821,1.0073879
2755.9242,1.0029611,1.0071411
2755.9446,1.0032881,1.0074555
2755.965,1.0042073,1.0078166
2755.9855,1.0033871,1.007436
2756.0059,1.0034661,1.0070747
2756.0263,1.0033004,1.0071228
2756.0468,1.002617,1.0070618
2756.0672,1.0040012,1.0082359
2756.0876,1.0036083,1.0070307
2756.1081,1.0025635,1.0071074
2756.1285,1.0039408,1.0072397
2756.1489,1.0029012,1.0075357
2756.1694,1.0034699,1.0074015
2756.1898,1.0038418,1.0074069
2756.2102,1.0032852,1.0071252
2756.2306,1.0040887,1.0074422
2756.2511,1.0039917,1.0077605
2756.2715,1.0031114,1.0073298
2756.2919,1.003061,1.0072358
2756.3124,1.0037214,1.0078157
2756.3328,1.0033323,1.0070348
2756.3532,1.0039934,1.0071615
2756.3737,1.0029587,1.0070322
2756.3941,1.0033634,1.0074154
2756.4145,1.0030524,1.007276
2756.435,1.0036686,1.0073992
2756.4554,1.0028938,1.0069365
2756.4758,1.0044555,1.0071901
2756.4963,1.0042192,1.0075035
2756.5371,1.0031859,1.0069926
2756.5576,1.0032012,1.0071187
2756.578,1.0042541,1.006883
2756.5984,1.0043282,1.0075108
2756.6189,1.0031647,1.0071514
2756.6393,1.0039722,1.0072829
2756.6597,1.003429,1.0072916
2756.6801,1.0033719,1.007206
2756.7006,1.0048936,1.0075065
2756.721,1.0040316,1.0072471
2756.7414,1.0018229,1.0072158
2756.7823,1.0035572,1.0074638
2770.7985,1.0027549,1.0066392
2770.8189,1.0027191,1.0065499
2770.8394,1.0017863,1.0055831
2770.8598,1.0015757,1.0063117
2770.8802,1.0018119,1.005918
2770.9007,1.0030804,1.0068545
2770.9211,1.0024357,1.0069279
2770.9415,1.002433,1.0068727
2770.962,1.0026718,1.0067387
2770.9824,1.0023403,1.0066268
2771.0028,1.002784,1.007345
2771.0233,1.0032401,1.0076151
2771.0437,1.0009909,1.0068804
2771.0641,1.0028459,1.0073293
2771.0846,1.0039461,1.0078293
2771.105,1.003807,1.0080009
2771.1254,1.002177,1.0078666
2771.1458,1.0027858,1.0077014
2771.1663,1.0024234,1.0080719
2771.1867,1.0026642,1.0080117
2771.2071,1.004106,1.0079097
2771.2276,1.003658,1.0082628
2771.248,1.0035978,1.008291
2771.2684,1.0042038,1.0081756
2771.2889,1.0021673,1.0083166
2771.3093,1.0032907,1.0083829
2771.3297,1.0026057,1.0080031
2771.3502,1.0020395,1.008158
2771.3706,1.002079,1.0084147
2771.391,1.003384,1.0086929
2771.4115,1.0030719,1.0092751
2771.4319,1.0020014,1.0084741
2771.4523,1.0031529,1.0086831
2771.4728,1.0031257,1.0083939
2771.4932,1.0032657,1.0091646
2771.5136,1.0070493,1.0086934
2771.5341,1.0027733,1.009401
2771.5545,1.0019016,1.0091453
2771.5749,1.0017117,1.0087691
2771.5953,1.002645,1.0096056
2771.6158,1.0038142,1.0094904
2771.6362,1.0016702,1.008832
2771.6566,1.002975,1.0099893
2771.6771,1.0035996,1.0103012
2771.6975,1.0024985,1.0094676
2771.7384,1.0023767,1.0086115
2771.7588,1.0040901,1.0096584
2771.7792,1.0031549,1.0087386
2771.7997,1.0041519,1.0092112
2771.8201,1.0022202,1.0086254
2771.8405,1.0035542,1.0089364
2771.861,1.002939,1.0097324
2771.8814,1.0039999,1.0088323
2771.9018,1.0036988,1.0089302
2771.9223,1.0033064,1.0087631
2771.9427,1.0030052,1.0093114
2771.9631,1.0025815,1.0085798
2771.9836,1.0031474,1.0091232
2772.004,1.0024704,1.0090064
2772.0244,1.0021437,1.0090096
2772.0448,1.0036693,1.0095325
2772.0653,1.0034989,1.0092877
2772.0857,1.0080566,1.0118241
2772.1061,1.00335,1.0091362
2772.1266,1.0023901,1.0090112
2772.147,1.0030247,1.0091942
2772.1674,1.0025809,1.0092889
2772.1879,1.0024012,1.0090141
2772.2083,1.0031238,1.0092238
2772.2287,1.0034413,1.0092346
2772.2492,1.0029568,1.0092708
2772.2696,1.0013429,1.0086273
2772.29,1.0028856,1.0088159
2772.3105,1.0023968,1.0089453
2772.3309,1.0033064,1.0086781
2772.3513,1.0018089,1.0083599
2772.3718,1.002731,1.0092596
2772.3922,1.0024012,1.0088403
2772.4126,1.002437,1.0090286
2772.433,1.0033173,1.0088669
2772.4535,1.0030621,1.0092972
2772.4739,1.0023152,1.0090729
2772.4943,1.00541,1.0099077
2772.5148,1.0030357,1.0088063
2772.5352,1.0022795,1.0087162
2772.5556,1.0031658,1.0090704
2772.5761,1.0019144,1.0080282
2772.5965,1.0022542,1.0085124
2772.6169,1.0036259,1.0095907
2772.6374,1.0033533,1.009053
2772.6578,1.0034473,1.0090385
2772.6782,1.002962,1.009264
2772.7191,1.0025012,1.0090617
2772.7395,1.0031918,1.0091315
2772.76,1.0035065,1.0091495
2772.7804,1.0024641,1.0080377
2772.8008,1.0024794,1.00886
2772.8213,1.0029743,1.0087724
2772.8417,1.0014856,1.0082986
2772.8621,1.0017337,1.0080621
2772.8825,1.0027824,1.009081
2772.903,1.0022826,1.0084539
2772.9234,1.0028641,1.0085653
2772.9438,1.0024287,1.008749
2772.9643,1.0035862,1.0090836
2772.9847,1.0022126,1.0083861
2773.0051,1.0049552,1.0092902
2773.0256,1.0024863,1.0086196
2773.046,1.0035026,1.0089344
2773.0664,1.0022866,1.0082567
2773.0869,1.0021451,1.0087295
2773.1073,1.0029411,1.008698
2773.1277,1.0035868,1.0088031
2773.1482,1.0026553,1.0085465
2773.1686,1.0030217,1.0087917
2773.189,1.0025345,1.0087674
2773.2095,1.0024706,1.008876
2773.2299,1.0032619,1.0092969
2773.2503,1.0028529,1.00886
2773.2707,1.0026116,1.0089894
2773.2912,1.0026484,1.0087603
2773.3116,1.0016104,1.0083498
2773.332,1.0039319,1.0094712
2773.3525,1.0017229,1.0078894
2773.3729,1.0025712,1.0087125
2773.3933,1.0024918,1.0085543
2773.4138,1.00314,1.0092091
2773.4342,1.0021689,1.0083209
2773.4546,1.0036587,1.009316
2773.4751,1.002757,1.0089793
2773.4955,1.0030299,1.0088969
2773.5159,1.0022653,1.0091313
2773.5364,1.0020719,1.008266
2773.5568,1.0035829,1.0085805
2773.5772,1.0029837,1.008655
2773.5977,1.002435,1.0085652
2773.6181,1.0016528,1.0085977
2773.6385,1.0023324,1.008771
2773.659,1.0019541,1.0084429
2773.6794,1.0034748,1.0092817
2773.6998,1.002629,1.0085474
2773.7202,1.0038637,1.0092352
2773.7407,1.0034965,1.0095455
2773.7611,1.0026257,1.0084929
2773.7815,1.0023226,1.0085446
2773.802,1.0031501,1.0085437
2773.8224,1.004449,1.0091262
2773.8428,1.0021438,1.008504
2773.8633,1.0027403,1.0084122
2773.8837,1.0028733,1.0087034
2773.9041,1.0027931,1.0088646
2773.9246,1.0029204,1.0083569
2773.945,1.0024479,1.008135
2773.9654,1.0038585,1.0085783
2773.9859,1.0021982,1.0082521
2774.0063,1.0027381,1.0084846
2774.0267,1.0031621,1.0091035
2774.0472,1.0035566,1.0086799
2774.0676,1.0021471,1.0081829
2774.088,1.0031165,1.009263
2774.1084,1.003165,1.0085744
2774.1289,1.0030542,1.0084144
2774.1493,1.0026248,1.0082403
2774.1902,1.0027268,1.0085539
2774.2106,1.0026339,1.0085105
2774.231,1.0028128,1.0082891
2774.2515,1.0026047,1.0087578
2774.2719,1.0034352,1.0085679
2774.2923,1.0030719,1.0090466
2774.3128,1.0017408,1.008617
2774.3332,1.0025633,1.0087688
2774.3536,1.0017831,1.0085778
2774.3741,1.0018234,1.0086567
2774.3945,1.0023903,1.0080933
2774.4149,1.0019078,1.0082562
2774.4354,1.0027099,1.0086483
2774.4558,1.0032488,1.0088043
2774.4762,1.0020185,1.0082177
2774.4966,1.0015111,1.0081011
2774.5171,1.002572,1.0083555
2774.5375,1.0017997,1.0081988
2774.5579,1.0040044,1.0089329
2774.5784,1.003568,1.008817
2774.5988,1.0024043,1.0082014
2774.6192,1.0028888,1.0089744
2774.6397,1.0018599,1.0084017
2774.701,1.0036181,1.0080504
2774.7214,1.001741,1.0081024
2774.7418,1.0021606,1.0080679
2774.7623,1.0026272,1.0086302
2774.7827,1.0020425,1.00809
2774.8031,1.0015895,1.0082146
2774.8236,1.0024549,1.0081341
2774.844,1.0023441,1.0080198
2774.8644,1.0029221,1.0082493
2774.8849,1.0024325,1.0084708
2774.9053,1.0018729,1.008279
2774.9257,1.0028565,1.0085637
2774.9461,1.0025863,1.0081683
2774.9666,1.0018317,1.0080576
2774.987,1.0027329,1.008325
2775.0074,1.0023996,1.00826
2775.0279,1.0017148,1.0082837
2775.0483,1.0017367,1.0079257
2775.0687,1.0030707,1.0086964
2775.0892,1.0037142,1.0083656
2775.1096,1.0012993,1.0079531
2775.13,1.0022542,1.0078313
2775.1505,1.0023748,1.0084465
2775.1709,1.0025529,1.0079459
2775.1913,1.0051337,1.0096244
2775.2118,1.0021237,1.0083446
2775.2322,1.0029395,1.0082428
2775.2526,1.0016235,1.0086171
2775.2731,1.0018129,1.0079573
2775.2935,1.0027786,1.0077192
2775.3139,1.0014965,1.00745
2775.3343,1.0038507,1.0080462
2775.3548,1.0034319,1.0083317
2775.3752,1.0022355,1.0072173
2775.4161,1.0021837,1.0077903
2775.4365,1.0016818,1.0077453
2775.4569,1.0023348,1.0075876
2775.4774,1.0023036,1.0084498
2775.4978,1.0044352,1.0099774
2775.5182,1.0012658,1.0075017
2775.5387,1.001722,1.0069832
2775.5591,1.0177393,1.0080103
2775.5795,1.0022671,1.0076443
2775.6,1.0010461,1.0077096
2775.6204,1.0032187,1.0079899
2775.6613,1.0013346,1.0072822
2775.6817,1.0014009,1.0076656
2775.7021,1.0014337,1.0076399
2775.7226,1.001964,1.0078253
2775.743,1.0025828,1.0077472
2775.7634,1.0028426,1.0078671
2775.7838,1.0042471,1.008274
2775.8043,1.00175,1.0079851
2775.8247,1.0026392,1.0084108
2775.8451,1.0013426,1.0078906
2775.8656,1.0019836,1.0077991
2775.886,1.0033992,1.0079989
2775.9064,1.0021405,1.0082872
2775.9269,1.0011886,1.0075723
2775.9473,1.0042182,1.0081358
2775.9677,1.0023263,1.0080976
2775.9882,1.0020631,1.0075804
2776.0086,1.0027986,1.00759
2776.029,1.0026751,1.0079043
2776.0495,1.0012191,1.0079858
2776.0699,1.001925,1.0079483
2776.0903,1.0014512,1.0076578
2776.1108,1.003208,1.0079773
2776.1312,1.001868,1.0081757
2776.1516,1.0018991,1.0073305
2776.172,1.0028817,1.0077487
2776.1925,1.0020932,1.007955
2776.2129,1.0021781,1.0076739
2776.2333,1.0024802,1.0076173
2776.2538,1.0021038,1.0076427
2776.2742,1.0012318,1.0072868
2776.2946,1.0018879,1.007446
2776.3151,1.0013869,1.0076794
2776.3355,1.0022699,1.0078314
2776.3559,1.0029886,1.0084603
2776.3764,1.0018512,1.0077793
2776.3968,1.002327,1.007952
2776.4172,1.0026605,1.0079167
2776.4377,1.0022567,1.0078737
2776.4581,1.0047237,1.0083641
2776.4785,1.0023717,1.0076206
2776.499,1.0012585,1.0080199
2776.5194,1.0020625,1.0079127
2776.5398,1.0015962,1.0073892
2776.5603,1.0030115,1.0077332
2776.5807,1.0020523,1.0079479
2776.6011,1.0021862,1.0077986
2776.6624,1.0034501,1.0074107
2776.6828,1.0025209,1.0074214
2776.7033,1.0015657,1.0067897
2776.7237,1.0005718,1.0066904
2776.7441,1.0026696,1.0071915
2776.7646,1.0006882,1.0069231
2776.785,1.0023166,1.0071243
2776.8054,1.0015582,1.0072412
2776.8259,1.0028287,1.0066454
2776.8463,1.0022774,1.0071943
2776.8667,1.0028912,1.0080172
2776.8872,1.0021977,1.0077838
2776.9076,1.0024137,1.0078686
2776.928,1.0022348,1.0075917
2776.9485,1.0076321,1.0076017
2776.9689,1.001966,1.0076785
2776.9893,1.0021762,1.007186
2777.0097,1.0026934,1.0074877
2777.0302,1.0032525,1.0077758
2777.0506,1.002467,1.0075032
2777.071,1.0020089,1.0077764
2777.0915,1.0029731,1.0075977
2777.1119,1.0022679,1.0076979
2777.1323,1.0010367,1.0075585
2777.1528,1.0025314,1.0075516
2777.1732,1.0016129,1.0073594
2777.1936,1.0016717,1.0071265
2777.2141,1.002181,1.007458
2777.2345,1.002226,1.0073254
2777.2549,1.0023974,1.0077214
2777.2754,1.0020949,1.0075808
2777.2958,1.0019831,1.0074169
2777.3162,1.0019055,1.0077006
2777.3367,1.0014547,1.0074643
2777.3571,1.0022183,1.0077544
2777.3775,1.0020844,1.0075154
2777.3979,1.0017272,1.00742
2777.4184,1.0015444,1.0072215
2777.4388,1.0010215,1.0072654
2777.4592,1.0028463,1.0078138
2777.4797,1.0017675,1.0073938
2777.5001,1.0010641,1.0073442
2777.5205,1.0022752,1.00713
2777.541,1.003341,1.0077313
2777.5614,1.0015739,1.0070842
2777.5818,1.0034995,1.0076167
2777.6023,1.0026063,1.0070864
2777.6227,1.0017067,1.0074319
2777.6431,1.0027983,1.0078457
2777.6636,1.00231,1.0076783
2777.684,1.0010003,1.0070138
2777.7044,1.0125723,1.0142224
2777.7249,1.0015297,1.0069804
2777.7453,1.0032946,1.0077218
2777.7657,1.0016519,1.0072041
2777.7862,1.0022611,1.0079965
2777.8066,1.0020825,1.0076145
2777.827,1.0062815,1.011098
2777.8474,1.002161,1.0076776
2777.8679,1.0015542,1.0077218
2777.8883,1.0013216,1.007731
2777.9087,1.0024801,1.0079164
2777.9292,1.0009475,1.0074778
2777.9496,1.0010874,1.0071731
2777.97,1.0027649,1.0077226
2777.9905,1.0019996,1.0074908
2778.0109,1.0027861,1.0076429
2778.0313,1.0032482,1.0085866
2778.0518,1.0039576,1.0077647
2778.0722,1.0038857,1.0079608
2778.0926,1.0031644,1.0081298
2778.1131,1.0024421,1.0079948
2778.1335,1.0018558,1.0075067
2778.1539,1.0028784,1.0077039
2778.1744,1.00227,1.0073386
2778.1948,1.0019271,1.0073632
2778.2152,1.0023808,1.0078744
2778.2356,1.0027626,1.0074462
2778.2561,1.0018947,1.0075043
2778.2765,1.0020481,1.0074568
2778.2969,1.0019694,1.0075096
2778.3174,1.0011156,1.007243
2778.3378,1.0016211,1.0072906
2778.3582,1.0031562,1.0077987
2778.3787,1.0021513,1.0073016
2778.3991,1.0018856,1.0076153
2778.4195,1.0016454,1.0072178
2778.44,1.0016656,1.0074282
2778.4604,1.0018778,1.0081108
2778.4808,1.001333,1.0075064
2778.5013,1.0017121,1.0073521
2778.5217,1.0014436,1.0075603
2778.5421,1.0015895,1.0073887
2778.5626,1.0029721,1.0084727
2778.6034,1.0013857,1.0067602
2778.6239,1.0026588,1.006671
2778.6443,1.002077,1.0074739
2778.6647,1.0024158,1.0073401
2778.6851,1.002689,1.0075683
2778.7056,0.99992217,1.0061044
2778.726,1.0040136,1.0077779
2778.7464,1.0023288,1.0079128
2778.7669,1.0035296,1.0071599
2778.7873,1.0006976,1.006545
2778.8077,1.0014325,1.0071244
2778.8282,1.0090358,1.0075752
2778.8486,1.0012963,1.0075545
2778.869,1.0016436,1.0072143
2778.8895,1.0023052,1.0073979
2778.9099,1.0016262,1.0073787
2778.9303,1.0021388,1.0074062
2778.9508,1.0019933,1.0073108
2778.9712,1.0017923,1.0079107
2778.9916,1.0014908,1.0071851
2779.0121,1.0017902,1.0075184
2779.0325,1.0026381,1.0075644
2779.0529,1.00251,1.0080709
2779.0733,1.0018397,1.0074241
2779.0938,1.0019539,1.0077786
2779.1142,1.0035039,1.0078641
2779.1346,1.0027299,1.0075938
2779.1551,1.0024519,1.0073508
2779.1755,1.0011029,1.0069934
2779.1959,1.002531,1.007386
2779.2164,1.0040246,1.0079049
2779.2368,1.0032383,1.0083492
2779.2572,1.0011361,1.0071343
2779.2777,1.0019778,1.0071247
2779.2981,1.0023406,1.0077071
2779.3185,1.0023722,1.0073599
2779.339,1.002322,1.0074185
2779.3594,1.0018172,1.00657
2779.3798,1.0023691,1.0073797
2779.4003,1.0015945,1.0070835
2779.4207,1.0036278,1.007411
2779.4411,1.0014069,1.0066288
2779.4615,1.0022592,1.0070767
2779.482,1.0024329,1.0071733
2779.5024,1.0022093,1.0072721
2779.5228,1.0026999,1.0069261
2779.5433,1.0017052,1.0070947
2779.5637,1.0019609,1.0069558
2779.5841,1.0024205,1.0070206
2779.6046,1.0023956,1.0071069
2779.625,1.0020348,1.0069594
2779.6454,1.0037537,1.0071966
2779.6659,1.0044104,1.0073286
2779.6863,1.0024862,1.0072016
2779.7067,1.0027572,1.0073739
2779.7272,1.0040365,1.0074172
2779.7476,1.0011911,1.0067955
2779.768,1.0031452,1.0074832
2779.7885,1.0028167,1.0073436
2779.8089,1.0018664,1.0073838
2779.8293,1.0026792,1.0071026
2779.8498,1.0021926,1.0068347
2779.8702,1.0021622,1.0069214
2779.8906,1.0029632,1.006116
2779.911,1.0019437,1.0068844
2779.9315,1.0035159,1.0068717
2779.9519,1.0021594,1.0069829
2779.9723,1.0010475,1.0059523
2779.9928,1.0027533,1.0069794
2780.0132,1.0032557,1.0071182
2780.0336,1.0022899,1.0069572
2780.0541,1.0018967,1.0066428
2780.0745,1.0019486,1.00688
2780.0949,1.0098316,1.0068352
2780.1154,1.0021129,1.0067585
2780.1358,1.0039469,1.0064446
2780.1562,1.0010687,1.0067315
2780.1767,1.0024033,1.006654
2780.1971,1.0016895,1.0060999
2780.2175,1.0028424,1.006903
2780.238,1.0030308,1.0066273
2780.2584,1.0023427,1.0067194
2780.2788,1.0020716,1.0068147
2780.3197,1.0023153,1.0066647
2780.3401,1.0033721,1.007053
2780.3605,1.0019269,1.0062569
2780.381,1.0021071,1.0074155
2780.4014,1.0026942,1.0070317
2780.4218,1.002134,1.0072865
2780.4423,1.0020842,1.0069273
2780.4627,1.0015295,1.0067387
2780.4831,1.0029808,1.0070969
2780.5036,1.0026432,1.0067723
2780.524,1.0022622,1.0066501
2780.5853,1.0020608,1.0071459
2780.6057,1.0024808,1.0061887
2780.6262,1.0019449,1.0061701
2780.6466,1.0040094,1.0070595
2780.667,1.0022764,1.0068428
2780.6874,1.0028217,1.0064043
2780.7079,1.0006858,1.0060071
2780.7283,1.0023539,1.0058286
2780.7487,1.0026684,1.0064156
2780.7692,1.0025959,1.0061736
2780.7896,1.0015613,1.0061216
2780.81,1.0025764,1.005782
2780.8305,1.0027324,1.00583
2780.8509,1.0026001,1.0065491
2780.8713,1.0034146,1.0068244
2780.8918,1.0019401,1.0063402
2780.9122,1.0031073,1.006825
2780.9326,1.0015193,1.0059471
2780.9531,1.0023972,1.0062445
2780.9735,1.0024164,1.0063209
2780.9939,1.0020789,1.0059794
2781.0144,1.0014638,1.0060516
2781.0348,1.0004424,1.0059852
2781.0552,1.0011639,1.005533
2781.0757,1.0010401,1.0056786
2781.0961,1.0007896,1.0055037
2781.1165,1.0005377,1.005662
2781.1369,0.99968466,1.0056475
2781.1574,1.0010219,1.0061109
2781.1778,1.0013623,1.0055479
2781.1982,1.0018467,1.005663
2781.2187,1.0016757,1.0056302
2781.2391,1.0018465,1.006017
2781.2595,1.0027558,1.0057571
2781.28,1.0012593,1.0055643
2781.3004,1.0027674,1.0057079
2781.3208,1.001885,1.0059577
2781.3413,1.0013324,1.0056253
2781.3617,1.0014202,1.0057189
2781.3821,1.0015558,1.0057161
2781.4026,1.0023772,1.0056054
2781.423,1.001508,1.005638
2781.4434,1.0010338,1.0053485
2781.4639,1.0002999,1.0047371
2781.4843,1.0008003,1.0055002
2781.5047,1.002276,1.0057569
2781.5456,1.001758,1.0058237
2781.566,1.0021551,1.0057828
2781.5864,1.0023197,1.0063299
2781.6069,1.0028822,1.0068156
2781.6273,1.0006124,1.0057616
2781.6477,1.0022453,1.0059664
2781.6682,1.0012445,1.0055485
2781.6886,1.0015937,1.0061829
2781.709,1.0018996,1.0060311
2781.7295,1.0017903,1.0057085
2781.7499,1.0001176,1.0054871
2781.7703,1.0017782,1.0060062
2781.7908,1.0020593,1.0056974
2781.8112,1.0018748,1.0059047
2781.8316,1.0010803,1.0056444
2781.8521,1.0006279,1.0058265
2781.8725,1.0012124,1.0053063
2781.8929,1.0004468,1.0056057
2781.9133,1.0023669,1.0053974
2781.9338,1.0004291,1.0050414
2781.9542,1.0018249,1.005443
2781.9746,1.0017896,1.0052403
2781.9951,1.0010943,1.0056822
2782.0155,1.0023692,1.005238
2782.0359,1.0017971,1.0050557
2782.0564,1.0007803,1.0051142
2782.0768,1.0011994,1.0055477
2782.0972,1.0008133,1.0048856
2782.1177,1.0016833,1.0050221
2782.1381,1.002099,1.0050715
2782.1585,0.99984251,1.0049693
2782.179,1.0030337,1.005546
2782.1994,1.00144,1.0053148
2782.2198,1.0005911,1.0049379
2782.2403,1.0017854,1.0050957
2782.2811,1.0003268,1.0055863
2782.3016,1.0008303,1.0050267
2782.322,1.001597,1.005499
2782.3424,1.0009218,1.0050261
2782.3628,1.0010543,1.0051302
2782.3833,0.99990553,1.0046358
2782.4037,1.0006374,1.0055177
2782.4241,1.0009446,1.005365
2782.4446,1.0018746,1.0054659
2782.465,1.0010183,1.0050082
2782.4854,1.0010728,1.005419
2782.5263,1.0008899,1.0050073
2782.5467,1.0011728,1.005125
2782.5672,1.001552,1.0052568
2782.5876,1.0008318,1.0047581
2782.608,1.001492,1.0052715
2782.6285,1.0032584,1.0058101
2782.6489,1.0006666,1.0049604
2782.6693,1.0005208,1.0052227
2782.6898,1.003186,1.0058008
2782.7102,1.0002592,1.0044284
2782.7306,1.0019897,1.0050406
2782.7715,1.0018176,1.0052533
2782.7919,1.0001252,1.0043432
2782.8123,1.0022265,1.0055649
2782.8328,1.0020331,1.0050782
2782.8532,1.000253,1.0045408
2782.8736,0.99989188,1.0049074
2782.8941,1.0005865,1.0046357
2782.9145,1.0021395,1.0054135
2782.9349,0.99995161,1.0043936
2782.9554,1.0008816,1.0046219
2782.9758,1.0007185,1.0039772
2782.9962,1.0009402,1.0046068
2783.0167,1.0011064,1.0048428
2783.0371,1.0000465,1.0042383
2783.0575,1.0008333,1.0044658
2783.078,0.99960882,1.0042543
2783.0984,1.0000987,1.0045413
2783.1188,1.0017136,1.0050837
2783.1392,1.0000816,1.0042033
2783.1597,1.0000133,1.0044919
2783.1801,1.000504,1.004321
2783.2005,1.000284,1.0049026
2783.221,1.0005493,1.0044302
2783.2414,1.0010368,1.0049619
2783.2618,1.0020095,1.0046879
2783.2823,1.0009295,1.0047074
2783.3027,1.0011773,1.0047743
2783.3231,1.0014579,1.00482
2783.3436,1.0002938,1.0041314
2783.364,0.99986177,1.0043463
2783.3844,1.0002555,1.004138
2783.4049,1.0011484,1.0049216
2783.4253,1.0000192,1.0043785
2783.4457,1.0004303,1.0043769
2783.4662,1.0008088,1.0045412
2783.507,1.000677,1.004035
2783.5275,0.9995972,1.0042656
2783.5479,1.0005861,1.0040141
2783.5683,1.0005559,1.0036307
2783.5887,0.99877306,1.003401
2783.6092,1.0005376,1.0044291
2783.6296,0.99953811,1.0037119
2783.65,0.99958772,1.004083
2783.6705,1.0008164,1.0044003
2783.6909,0.9999427,1.0042937
2783.7113,1.0004174,1.0041001
2783.7318,0.99985413,1.0039485
2783.7522,1.0001264,1.0037721
2783.7726,1.0016211,1.0048151
2783.7931,1.0010846,1.0043719
2783.8135,0.99968683,1.0042141
2783.8339,1.0012679,1.0045959
2783.8544,1.000038,1.0040436
2783.8748,0.99941446,1.004031
2783.8952,1.000099,1.0037737
2783.9157,1.0011539,1.0042529
2783.9361,1.0010675,1.0041041
2783.9565,0.99894726,1.0039678
2783.9974,1.0000184,1.004312
2784.0178,1.0003128,1.0037512
2784.0382,1.0005012,1.004051
2784.0587,0.9987317,1.0029994
2784.0791,1.0004065,1.0034363
2784.0995,1.000328,1.0039103
2784.12,0.99980388,1.0034723
2784.1404,1.000429,1.0040352
2784.1608,0.99962715,1.0036499
2784.1813,0.9996427,1.0041685
2784.2017,1.0002495,1.004481
2784.2221,0.99961895,1.0035753
2784.2426,1.0002529,1.0043585
2784.263,1.0004071,1.0042399
2784.2834,0.99939008,1.0039342
2784.3039,0.99968579,1.0038637
2784.3243,0.99995202,1.0040529
2784.3447,1.0000261,1.0037338
2784.3651,1.0008971,1.004097
2784.3856,0.99912446,1.0033824
2784.406,0.99999137,1.003689
2784.4264,1.000134,1.0039613
2784.4469,0.99981402,1.0033691
2784.4877,1.0002398,1.0035336
2784.5082,0.9996168,1.0030911
2784.5286,1.0002572,1.0033344
2784.549,0.99960284,1.003364
2784.5695,0.99940536,1.0039836
2784.5899,0.99950394,1.0032737
2784.6103,1.001224,1.0034829
2784.6308,1.0004566,1.0037935
2784.6512,0.99952243,1.0034013
2784.6716,1.0006724,1.0039461
2784.6921,0.9998876,1.0039394
2784.7329,1.0003061,1.0039015
2784.7534,0.99983346,1.0036113
2784.7738,0.99982422,1.0030892
2784.7942,0.9996209,1.0030483
2784.8146,0.9990114,1.0033638
2784.8351,1.0007146,1.0033783
2784.8555,0.99945639,1.0029623
2784.8759,0.99896189,1.0027442
2784.8964,0.99973087,1.0033118
2784.9168,0.9991569,1.0029243
2784.9372,0.99900364,1.0022954
2784.9577,0.99980024,1.0030662
2784.9781,0.99934964,1.0028502
2784.9985,1.0000554,1.0029214
2785.019,0.99956126,1.003275
2785.0394,0.99946687,1.0032312
2785.0598,0.99890084,1.0031399
2785.0803,0.99910046,1.0031531
2785.1007,0.99945976,1.0034471
2785.1211,1.0000031,1.0034291
2785.1416,0.9994724,1.0033095
2785.162,1.0004059,1.0036998
2785.1824,0.99922287,1.0032221
2785.2233,0.99948631,1.002508
2785.2437,0.99981737,1.0035628
2785.2641,0.99982026,1.00292
2785.2846,0.99976262,1.0032888
2785.305,0.99890089,1.0031372
2785.3254,0.99902947,1.0026455
2785.3459,0.99886776,1.0028024
2785.3663,0.9983725,1.0020952
2785.3867,0.99971546,1.003388
2785.4072,1.000056,1.0030209
2785.4276,0.99984771,1.003234
2785.4685,1.0004939,1.0035101
2785.4889,1.0013579,1.0038978
2785.5093,0.99890856,1.0026271
2785.5298,0.99951503,1.0036008
2785.5502,0.99842374,1.0024772
2785.5706,0.99975047,1.0031536
2785.591,0.99948109,1.0025406
2785.6115,1.0084548,1.0078051
2785.6319,0.99894687,1.0027606
2785.6523,0.99976381,1.0025234
2785.6728,0.99895433,1.002995
2785.7136,1.0000301,1.0027011
2785.7341,0.99791833,1.0027852
2785.7545,0.99984002,1.0028719
2785.7749,0.99889939,1.0028645
2785.7954,0.99950495,1.0029709
2785.8158,0.9989447,1.0025439
2785.8362,0.99932846,1.0025145
2785.8567,0.99860192,1.002691
2785.8771,0.99921511,1.0024319
2785.8975,0.99899504,1.0027309
2785.918,0.99897269,1.002475
2785.9588,0.99845221,1.0028015
2785.9792,0.99946557,1.0028014
2785.9997,0.99901459,1.0023186
2786.0201,0.99915161,1.00275
2786.0405,0.999825,1.002891
2786.061,0.99884764,1.0023875
2786.0814,1.0002841,1.0030769
2786.1018,0.99943267,1.0027196
2786.1223,0.99982986,1.003141
2786.1427,0.99939576,1.0024958
2786.1631,0.99864384,1.0026325
2786.204,0.9990808,1.0024853
2786.2244,0.99771497,1.0021077
2786.2449,0.99898781,1.0024749
2786.2653,0.99959048,1.0025889
2786.2857,0.99888298,1.0025782
2786.3062,0.99780798,1.001703
2786.3266,0.99845372,1.0027231
2786.347,0.99864666,1.0023703
2786.3675,0.99958917,1.0028941
2786.3879,0.99860861,1.0023402
2786.4083,0.99786471,1.0022247
2786.4696,1.0001018,1.0027972
2786.49,0.99956614,1.0021665
2786.5105,0.9987803,1.0019343
2786.5309,0.99965605,1.0024262
2786.5513,0.99919145,1.0021968
2786.5718,1.0033962,1.0049319
2786.5922,0.9976639,1.0020025
2786.6126,0.99755136,1.0016426
2786.6331,0.99676422,1.0014826
2786.6535,0.99712475,1.0012901
2786.6739,0.99923605,1.002546
2786.6944,0.99851395,1.0023846
2786.7148,0.99743444,1.0021251
2786.7352,1.0024845,1.0022475
2786.7557,0.99787973,1.0019225
2786.7761,0.99911647,1.0026545
2786.7965,0.99883279,1.0023529
2786.8169,0.99843621,1.0019213
2786.8374,0.99865862,1.0020267
2786.8578,0.99709631,1.0017321
2786.8782,0.99967139,1.002207
2786.8987,0.99750545,1.0016206
2786.9395,0.99932104,1.0019187
2786.96,0.99794654,1.0017389
2786.9804,0.99871794,1.0020641
2787.0008,0.99904998,1.0023092
2787.0213,0.99750403,1.0019051
2787.0417,0.99985245,1.0029919
2787.0621,0.99901452,1.0021308
2787.0826,0.99868651,1.0019472
2787.103,0.99828276,1.0021208
2787.1234,0.99837455,1.0021353
2787.1439,0.99797007,1.0015602
2787.1847,0.99847075,1.0019428
2787.2051,0.99882844,1.0022171
2787.2256,0.9987727,1.0023654
2787.246,0.9996775,1.0024039
2787.2664,0.99872098,1.0018347
2787.2869,0.99843919,1.0020787
2787.3073,0.99905395,1.0017198
2787.3277,0.99874918,1.002312
2787.3482,0.99859464,1.0018932
2787.3686,0.99869594,1.0021776
2787.389,0.99859758,1.0018036
2787.4299,0.99891149,1.0023653
2787.4503,0.99774312,1.0018353
2787.4708,0.99977813,1.0022176
2787.4912,0.99801732,1.0019466
2787.5116,0.99932682,1.0021371
2787.5321,0.99894601,1.0020474
2787.5525,0.99897912,1.001933
2787.5729,0.99852906,1.0019278
2787.5934,0.99965635,1.0021885
2787.6138,0.99879604,1.0020116
2787.6342,0.99924004,1.0020544
2787.6751,0.99971289,1.0024765
2787.6955,0.99817411,1.002055
2787.7159,0.99877153,1.0022085
2787.7364,0.999946,1.0026923
2787.7568,0.9990368,1.0022764
2787.7772,0.99923396,1.002
2787.7977,0.99846379,1.0016843
2787.8181,0.99962313,1.0023722
2787.8385,0.9990434,1.0019958
2787.859,0.99835333,1.0018902
2787.8794,0.99808923,1.0018585
2787.9203,0.99861596,1.0019947
2787.9407,0.99839686,1.0020858
2787.9611,0.99982811,1.0025471
2787.9816,0.9990967,1.0019187
2788.002,0.9994209,1.0022046
2788.0224,0.99924428,1.0019924
2788.0428,0.99924213,1.0022746
2788.0633,0.99880694,1.0018004
2788.0837,0.99877845,1.0021529
2788.1041,1.0002709,1.002243
2788.1246,0.99940655,1.0020384
2788.1654,0.99807471,1.00147
2788.1859,0.99911695,1.0024772
2788.2063,1.0004124,1.0025497
2788.2267,0.99864106,1.0020405
2788.2472,0.9981901,1.0014411
2788.2676,0.99934054,1.0019845
2788.288,0.99843547,1.0020004
2788.3085,0.99977181,1.002197
2788.3289,0.99852223,1.0017544
2788.3493,0.9990072,1.0017363
2788.3698,0.99945014,1.0021939
2788.431,0.99822004,1.0017429
2788.4515,0.99974825,1.0019679
2788.4719,0.99878495,1.0017951
2788.4923,1.0000089,1.002793
2788.5128,0.99893382,1.0019052
2788.5332,0.99871968,1.001298
2788.5536,0.99805206,1.0006504
2788.5741,0.99938947,1.0013792
2788.5945,0.99785829,1.0006454
2788.6149,0.99870953,1.0013646
2788.6354,0.99835247,1.0017123
2788.6558,0.99932659,1.0012891
2788.6762,0.99879456,1.0018202
2788.6967,0.99867257,1.0019848
2788.7171,0.99883758,1.0016168
2788.7375,0.99824806,1.0019993
2788.758,0.99920659,1.0022482
2788.7784,0.99799504,1.0014376
2788.7988,0.99864414,1.0019298
2788.8193,0.99882418,1.0015177
2788.8397,0.99859732,1.0014988
2788.8601,0.99870608,1.001288
2788.901,0.99909683,1.0018594
2788.9214,0.99818944,1.0016073
2788.9418,0.99914129,1.0015123
2788.9623,0.9997625,1.0020859
2788.9827,0.99788318,1.0012929
2789.0031,0.9983643,1.0013418
2789.0236,0.99839927,1.0013354
2789.044,0.99974911,1.0019026
2789.0644,1.0001851,1.0026579
2789.0849,0.99990738,1.0018525
2789.1053,1.0000999,1.0018672
2789.1462,0.9987518,1.0015052
2789.1666,1.0002591,1.0022591
2789.187,0.99809757,1.0009607
2789.2075,0.99834824,1.0018152
2789.2279,0.99813141,1.0010281
2789.2483,0.99878332,1.0016028
2789.2687,0.99869251,1.0012684
2789.2892,0.9997903,1.0011875
2789.3096,0.99910786,1.0017015
2789.33,0.9986306,1.0012381
2789.3505,0.99893524,1.001467
2789.3709,0.9985582,1.0009578
2789.3913,0.9999508,1.0013698
2789.4118,1.0015142,1.001659
2789.4322,0.99850794,1.0011796
2789.4526,0.99938324,1.0016318
2789.4731,0.99895101,1.0017664
2789.4935,0.99974548,1.0015617
2789.5139,0.99950803,1.001267
2789.5344,0.99859166,1.0014623
2789.5548,0.99881971,1.0011131
2789.5752,0.9987558,1.0007842
2789.5957,0.99888454,1.0013259
2789.6365,0.9994653,1.0010072
2789.6569,0.99969239,1.0012375
2789.6774,0.9986006,1.0007043
2789.6978,0.99892683,1.000947
2789.7182,0.99764935,1.0008545
2789.7387,0.99949127,1.001493
2789.7591,0.99838057,1.0005502
2789.7795,0.99950139,1.0009529
2789.8,0.99854963,1.0012313
2789.8204,0.99842593,1.0007909
2789.8408,0.99855424,1.0008072
2789.8817,0.99909368,1.0008084
2789.9021,0.99909194,1.000489
2789.9226,0.9986377,1.0003674
2789.943,1.0027648,1.0027074
2789.9634,0.99931287,1.0016334
2789.9839,0.99883087,1.0010517
2790.0043,0.99894873,1.0011996
2790.0247,0.99799303,1.0005038
2790.0452,0.99858479,1.0013724
2790.0656,0.99947075,1.0009685
2790.086,1.001124,1.0012331
2790.1269,0.99935907,1.0008882
2790.1473,0.9986694,1.0008
2790.1677,0.99820841,1.0003722
2790.1882,0.99982709,1.0012442
2790.2086,0.9987087,1.0008192
2790.229,0.9992968,1.0006727
2790.2495,0.99891367,1.0007468
2790.2699,0.99911787,1.0009443
2790.2903,0.99978531,1.0018723
2790.3108,0.99850762,1.0011398
2790.3312,0.99749035,1.0004011
2790.3721,1.0009075,1.0012162
2790.3925,0.99876258,1.0015437
2790.4129,0.99810605,1.0008947
2790.4334,0.99931247,1.0011083
2790.4538,1.0002053,1.0010214
2790.4742,0.99971176,1.0011131
2790.4946,0.99882534,1.0004758
2790.5151,0.99932866,1.0010137
2790.5355,0.99820218,1.0004313
2790.5559,0.99849949,1.0005076
2790.5764,0.99877588,1.0002935
2790.6172,0.99850406,1.0003105
2790.6377,0.9991961,1.0009213
2790.6581,0.99847224,1.0004813
2790.6785,1.0001056,1.0009628
2790.699,0.9999074,1.0004412
2790.7194,0.99836832,1.0001649
2790.7398,0.99991392,1.0004086
2790.7603,0.99828027,0.99975534
2790.7807,0.99883297,0.99974791
2790.8011,0.99944171,1.0002968
2790.8216,0.99921001,1.0003581
2790.8624,0.99836917,1.0003907
2790.8828,0.99988872,1.0003667
2790.9033,0.99853301,1.0000482
2790.9237,0.99879692,0.99998359
2790.9441,1.000478,0.99989979
2790.9646,0.9990816,1.0000572
2790.985,0.9991142,0.99939556
2791.0054,0.99921537,0.99952524
2791.0259,0.99856587,0.99964936
2791.0463,0.99883173,0.99994751
2791.0667,0.99849624,0.99939928
2791.1076,0.99968593,0.99995304
2791.128,0.99927975,1.0000162
2791.1485,0.99883335,1.0000414
2791.1689,0.99888571,0.99993483
2791.1893,0.99818603,0.99997549
2791.2098,0.99847997,0.99971477
2791.2302,0.99892241,0.99934138
2791.2506,0.99915112,0.99977458
2791.271,0.99839742,0.99944086
2791.2915,0.99923218,0.99927938
2791.3119,0.99852194,0.99934454
2791.3323,0.99892299,0.99942127
2791.3528,0.99880801,0.99957694
2791.3732,0.99916235,0.99932562
2791.3936,1.00042,0.9992389
2791.4141,0.99818972,0.99927914
2791.4345,0.99968925,0.99986739
2791.4549,0.99905813,0.99940451
2791.4754,0.99998769,0.99934619
2791.4958,0.99993975,0.99976119
2791.5162,0.998656,0.99905963
2791.5367,0.99816251,0.99954924
2791.5571,0.99984009,0.99935623
2791.598,0.99845216,0.99922723
2791.6184,1.0003403,0.99958456
2791.6388,0.99979247,0.9993787
2791.6593,0.99981384,0.99975456
2791.6797,0.99959113,0.99993577
2791.7001,1.0007687,0.99982881
2791.7205,0.99965529,1.0000717
2791.741,0.99871715,0.99950945
2791.7614,0.99819547,0.99925124
2791.7818,0.99886502,0.99925598
2791.8023,0.99928035,0.99918971
2791.8431,1.001349,0.99976423
2791.8636,0.99926115,0.99980343
2791.884,0.99958049,0.99948253
2791.9044,1.0006582,1.000203
2791.9249,0.99822563,0.99907572
2791.9453,0.99904656,0.99913489
2791.9657,0.99915605,0.99999927
2791.9862,0.99855836,0.99922935
2792.0066,0.99953701,0.99906468
2792.027,0.99970263,0.99926491
2792.0475,0.99855779,0.99891072
2792.0883,0.99868021,0.99879959
2792.1087,0.99728608,0.99836997
2792.1292,0.99733542,0.99880068
2792.1496,0.99881115,0.99905152
2792.17,0.99667706,0.99843996
2792.1905,0.99902245,0.99956338
2792.2109,0.99760767,0.99904043
2792.2313,0.99959889,0.99958808
2792.2518,0.99861982,0.99879146
2792.2722,0.99903264,0.99881404
2792.2926,0.99970553,0.9994659
2792.3335,0.99941766,0.99952821
2792.3539,0.99858853,0.99932134
2792.3744,0.99926378,0.99939444
2792.3948,1.0005442,1.0001571
2792.4152,0.99956335,0.99938379
2792.4357,1.0007127,1.0005557
2792.4561,1.0009622,0.99985157
2792.4765,0.99927259,0.99978668
2792.4969,0.99838301,0.99905154
2792.5174,0.99873478,0.9987106
2792.5378,0.99884586,0.99888884
2792.5787,1.0012618,0.99884958
2792.5991,0.99881437,0.99783193
2792.6195,0.99998101,0.99815779
2792.64,0.99886698,0.99900029
2792.6604,0.99913155,0.99870354
2792.6808,0.9995049,0.99853843
2792.7013,0.99901771,0.99880909
2792.7217,0.9987449,0.99845663
2792.7421,0.998766,0.99807548
2792.7626,0.99862469,0.99855257
2792.783,1.0000656,0.99917599
2792.8034,1.0000086,0.99899472
2792.8239,0.9990618,0.99871759
2792.8443,0.99944844,0.99867113
2792.8647,0.99818659,0.99816022
2792.8852,1.0002623,0.99896242
2792.9056,1.0000882,0.99847202
2792.926,0.99912001,0.99846465
2792.9464,0.99955147,0.99904267
2792.9669,1.0003991,0.99924491
2792.9873,0.99887278,0.99832541
2793.0077,0.99952042,0.99833242
2793.0282,0.99899844,0.99872937
2793.069,0.99869315,0.9980774
2793.0895,1.000112,0.99880154
2793.1099,0.99987812,0.99887835
2793.1303,0.99886946,0.99865319
2793.1508,0.9992711,0.99816394
2793.1712,0.99963996,0.99867152
2793.1916,0.9993712,0.99892704
2793.2121,0.99982493,0.99845307
2793.2325,0.99906996,0.99828363
2793.2529,0.99913647,0.99846989
2793.2734,0.99989478,0.99918855
2793.3142,1.0000165,0.99871715
2793.3346,0.99985038,0.9986444
2793.3551,0.99984216,0.99871708
2793.3755,1.0008737,0.99872273
2793.3959,0.998907,0.99848363
2793.4164,1.0001598,0.99937637
2793.4368,0.99953031,0.99877778
2793.4572,0.99922315,0.99790195
2793.4777,0.99897444,0.99833299
2793.4981,1.0008867,0.99929159
2793.5185,1.0004734,0.99918516
2793.5594,0.99910783,0.99805297
2793.5798,0.99860122,0.99795504
2793.6003,0.99954057,0.99851401
2793.6207,1.0002005,0.99793708
2793.6411,0.99970169,0.99791465
2793.6616,1.0002226,0.99870716
2793.682,0.99924118,0.99854489
2793.7024,0.99982609,0.99837859
2793.7228,1.0003292,0.99889884
2793.7433,0.99964855,0.9986707
2793.7637,1.0003442,0.99876414
2793.8046,0.99983163,0.99837008
2793.825,1.0019223,0.998237
2793.8454,1.0006374,0.99853131
2793.8659,0.99963194,0.9979433
2793.8863,0.99887299,0.99778325
2793.9067,1.0006324,0.99866703
2793.9272,1.0001532,0.99879811
2793.9476,0.99982862,0.99880395
2793.968,0.99977593,0.99882009
2793.9885,1.0013224,0.99895697
2794.0089,0.99968151,0.99863815
2794.0498,1.0000372,0.99795308
2794.0702,1.0001051,0.99865522
2794.0906,0.99989649,0.99835341
2794.1111,0.99912824,0.99831795
2794.1315,0.999876,0.99815457
2794.1519,0.99987552,0.99880798
2794.1723,0.99957727,0.99827399
2794.1928,1.0003781,0.99911948
2794.2132,1.0003045,0.99984035
2794.2336,0.99963757,0.99850526
2794.2541,1.0002396,0.99824911
2794.2949,0.99961755,0.99695549
2794.3154,0.99988486,0.99732886
2794.3358,0.99867639,0.99755628
2794.3562,1.0004834,0.99828234
2794.3767,0.99877018,0.99785315
2794.3971,0.99977906,0.9977257
2794.4175,0.99874977,0.99763918
2794.438,1.0006062,0.99750993
2794.4584,0.99949845,0.99770798
2794.4788,0.99899238,0.99773841
2794.4993,1.0016622,0.99899277
2794.5197,0.99991483,0.99785005
2794.5401,0.99964063,0.9977804
2794.5605,1.0009679,0.99854315
2794.581,1.0002878,0.99853541
2794.6014,0.99958067,0.99856195
2794.6218,0.99993507,0.99861687
2794.6423,0.99955288,0.99857918
2794.6627,0.99932703,0.9978083
2794.6831,1.0008521,0.99893479
2794.7036,0.99991808,0.99860744
2794.724,0.99990217,0.99842998
2794.7444,0.99960735,0.99827719
2794.7853,0.99986585,0.99863292
2794.867,0.99966902,0.99855635
2794.8875,1.0008661,0.99904998
2794.9079,1.0000002,0.99898262
2794.9283,1.001317,1.0002972
2794.9488,0.99903309,0.9982917
2794.9692,0.99954184,0.99782347
2794.9896,0.99980257,0.99835632
2795.0305,0.99864739,0.99806124
2795.0509,1.0004104,0.99806765
2795.0713,0.99984772,0.9977634
2795.0918,0.99908024,0.99770391
2795.1122,1.000177,0.99857559
2795.1326,0.99938679,0.99817578
2795.1531,1.0000979,0.99836362
2795.1735,1.0012444,0.99827517
2795.1939,1.0012892,0.99843579
2795.2144,0.99955233,0.99823692
2795.2348,1.0005102,0.9983599
2795.2757,0.99915756,0.99811386
2795.2961,0.99949726,0.9979497
2795.3165,0.99932534,0.99807105
2795.337,0.99971834,0.99835042
2795.3574,1.0007414,0.99851214
2795.3778,0.99865439,0.99794937
2795.3982,0.99957823,0.99819052
2795.4187,1.001006,0.99859726
2795.4391,0.99921554,0.99818869
2795.4595,0.99977598,0.99808356
2795.48,1.0125309,0.99831665
2795.5208,0.99940171,0.9981538
2795.5413,1.0010666,0.99903687
2795.5617,0.99933608,0.9977236
2795.5821,0.99980383,0.99793159
2795.6026,0.99849446,0.99752037
2795.623,0.99962345,0.99788663
2795.6434,0.9994612,0.99775246
2795.6639,0.99951747,0.99807602
2795.6843,1.000206,0.99823483
2795.7047,0.99958853,0.99834302
2795.7252,0.99932987,0.99843526
2795.766,1.0002526,0.99875209
2795.7864,0.99966591,0.99806446
2795.8069,0.99914073,0.99830384
2795.8273,1.000401,0.99904899
2795.8477,1.0002866,0.9986888
2795.8682,0.99904474,0.99779849
2795.8886,0.999292,0.9978809
2795.909,0.99876511,0.99778181
2795.9295,0.99866723,0.99792772
2795.9499,1.0000099,0.99807189
2795.9703,0.99959666,0.99816204
2796.0112,0.99911524,0.9976272
2796.0316,0.99933232,0.9971805
2796.0521,1.0002173,0.99778803
2796.0725,1.0002653,0.99792932
2796.0929,1.0002408,0.99836208
2796.1134,0.99970317,0.99827417
2796.1338,0.99931346,0.99779732
2796.1542,0.99976927,0.99804799
2796.1747,0.99912467,0.99800357
2796.1951,0.99963936,0.99793337
2796.2155,1.0001261,0.998276
2796.2768,0.99913783,0.9978854
2796.2972,0.9985089,0.99749215
2796.3177,0.99816741,0.997917
2796.3381,0.99856687,0.99726302
2796.3585,1.007643,0.99995671
2796.379,1.0106698,1.003738
2796.3994,0.9990337,0.99783009
2796.4198,1.0001316,0.99769818
2796.4403,0.99924722,0.99766457
2796.4607,0.99900234,0.99757608
2796.5016,0.9999315,0.99807733
2796.522,0.9985903,0.9968231
2796.5424,0.9988686,0.99776796
2796.5629,0.9989662,0.99791367
2796.5833,1.00042,0.99819292
2796.6037,0.99944746,0.99784321
2796.6241,0.99827802,0.99775257
2796.6446,0.99994414,0.99796334
2796.665,0.99990468,0.99801501
2796.6854,0.99963778,0.99804641
2796.7059,0.99859782,0.99717305
2796.7467,0.99942947,0.99791957
2796.7672,0.99821605,0.99752128
2796.7876,0.99926409,0.99830595
2796.808,0.99866937,0.99759349
2796.8285,0.99840407,0.9975847
2796.8489,0.9995147,0.99773999
2796.8693,0.99844886,0.99779544
2796.8898,0.99925862,0.99774578
2796.9102,0.99921419,0.99791617
2796.9306,0.99849485,0.99778193
2796.9511,0.99844267,0.99766348
2796.9919,0.99930608,0.99789595
2797.0123,0.99859057,0.99773442
2797.0328,0.99897681,0.99776812
2797.0532,1.0000289,0.99788741
2797.0736,0.9994245,0.99778613
2797.0941,0.99999892,0.998052
2797.1145,0.9993373,0.99782975
2797.1349,0.99898475,0.99763739
2797.1554,0.9984758,0.99772869
2797.1758,1.0103286,0.99807664
2797.1962,0.99942635,0.99804073
2797.2371,0.99880665,0.99721344
2797.2575,0.9980117,0.99757414
2797.278,0.99899759,0.99738771
2797.2984,0.99933035,0.99780243
2797.3188,0.99887092,0.9973116
2797.3393,0.99860314,0.99754914
2797.3597,0.99864973,0.997655
2797.3801,0.99813549,0.99719423
2797.4006,0.99843383,0.99763926
2797.421,0.99963498,0.99746175
2797.4414,0.99843757,0.99702551
2797.4823,0.99865465,0.99750342
2797.5027,0.99976884,0.99814166
2797.5231,0.99975677,0.99842028
2797.5436,0.99953719,0.99810528
2797.564,0.99880559,0.9973238
2797.5844,0.99839262,0.99763812
2797.6049,0.99817351,0.99721847
2797.6253,0.997629,0.99689259
2797.6457,0.99877678,0.99777393
2797.6662,0.9986702,0.99762732
2797.6866,0.9978058,0.99507024
2797.7275,0.99766259,0.99752052
2797.7479,0.99754707,0.99765525
2797.7683,0.99735222,0.99707801
2797.7888,0.9980842,0.99766707
2797.8092,0.99888012,0.99795278
2797.8296,0.99860762,0.99764639
2797.85,0.99906073,0.99762208
2797.8705,0.99924028,0.99769164
2797.8909,0.99928457,0.99802036
2797.9113,0.99833402,0.99727421
2797.9318,0.99980028,0.99751798
2797.9726,0.99865891,0.99750645
2797.9931,0.99932841,0.99749777
2798.0135,0.99865773,0.99765421
2798.0339,0.99878778,0.99759437
2798.0544,0.99848203,0.99704476
2798.0748,0.99963604,0.99772432
2798.0952,0.99815757,0.99746746
2798.1157,0.99889497,0.9974519
2798.1361,0.99895735,0.99727913
2798.1565,0.99838328,0.99711166
2798.177,0.99966838,0.99748954
2798.2178,0.99872236,0.99758888
2798.2383,0.99898495,0.9977661
2798.2587,0.9976737,0.99716891
2798.2791,0.99891218,0.997562
2798.2995,0.99878727,0.99786559
2798.32,0.99808375,0.99723002
2798.3404,0.99893221,0.99732908
2798.3608,0.99866395,0.99727625
2798.3813,0.99831831,0.99724474
2798.4017,0.99756424,0.99703798
2798.4221,0.99802205,0.99711804
2798.463,0.99869922,0.997421
2798.4834,0.99846125,0.99726712
2798.5039,0.99828541,0.99704061
2798.5243,0.99789271,0.99735322
2798.5447,0.99663269,0.99654965
2798.5652,0.99904631,0.99770252
2798.5856,0.99853316,0.99725325
2798.606,1.0000318,0.99825374
2798.6265,0.99812761,0.9971092
2798.6469,0.99819294,0.99761653
2798.6673,0.99843966,0.99742736
2798.7082,0.997713,0.99717769
2798.7286,0.99757953,0.99689733
2798.749,0.99749671,0.99661813
2798.7695,0.99815911,0.99686324
2798.7899,0.99873926,0.99716584
2798.8103,0.99856167,0.99761966
2798.8308,0.99746768,0.99698394
2798.8512,0.99877611,0.99736252
2798.8716,0.99738432,0.99666961
2798.8921,0.99703063,0.99713217
2798.9125,0.99779935,0.99711093
2798.9534,0.9982553,0.99684174
2798.9738,0.99800187,0.99670878
2798.9942,0.99880065,0.99721722
2799.0147,1.0008105,0.99737418
2799.0351,0.99700529,0.99681883
2799.0555,0.9980621,0.99695799
2799.076,0.99889122,0.99661699
2799.0964,0.99827558,0.99707149
2799.1168,0.9985809,0.99737299
2799.1372,0.99897093,0.99710615
2799.1577,0.99733222,0.99699737
2799.1985,0.99957073,0.99694293
2799.219,0.99831879,0.99685569
2799.2394,0.99757757,0.99680904
2799.2598,0.99858937,0.99678494
2799.2803,0.99744521,0.99657547
2799.3007,0.9973917,0.99664274
2799.3211,0.99680007,0.99644937
2799.3416,0.99795757,0.99718373
2799.3824,0.99801648,0.99700681
2799.4029,0.99788046,0.99756135
2799.4437,0.9980181,0.99669312
2799.4642,0.99824793,0.99662832
2799.4846,0.99830577,0.99711525
2799.505,0.99837786,0.99732719
2799.5254,0.99713171,0.99642875
2799.5459,0.9969884,0.99639363
2799.5663,0.99716331,0.99649022
2799.5867,0.99718835,0.99679852
2799.6072,0.99965502,0.99605069
2799.6276,0.99760028,0.99642576
2799.648,0.9969242,0.99625161
2799.6889,0.99792498,0.99700284
2799.7093,0.99861859,0.99718592
2799.7298,0.99722508,0.99629412
2799.7502,0.99772795,0.99702833
2799.7706,0.99840587,0.99692634
2799.7911,0.99791051,0.99651487
2799.8115,0.99792843,0.99656306
2799.8319,0.99743505,0.99691708
2799.8524,0.9984481,0.99684984
2799.8728,0.99783904,0.99657498
2799.8932,0.99848901,0.99699249
2799.9341,0.99763114,0.99649332
2799.9545,0.9977949,0.99658865
2799.9749,0.99766527,0.99651081
2799.9954,0.99837642,0.99677038
2800.0158,0.9976257,0.99651131
2800.0362,0.99652073,0.99643282
2800.0567,0.99820654,0.99688458
2800.0771,0.99789467,0.99653613
2800.0975,0.99885987,0.99699412
2800.118,0.99845836,0.99694853
2800.1384,0.99705325,0.99599654
2800.1793,0.99735607,0.99641966
2800.1997,0.99853236,0.99744024
2800.2201,0.99741575,0.99673567
2800.2406,0.99864335,0.9969342
2800.261,0.9984118,0.99716148
2800.2814,0.99723676,0.99678317
2800.3019,0.99726472,0.9966708
2800.3223,0.99828535,0.99650128
2800.3427,0.99693831,0.99663649
2800.3631,0.9980833,0.99671756
2800.3836,0.99818981,0.99705594
2800.4244,0.99701927,0.99640239
2800.4449,0.99862765,0.99670592
2800.4653,0.9979325,0.99705669
2800.4857,0.99902932,0.99684562
2800.5062,0.99756716,0.99643325
2800.5266,0.99727049,0.9963302
2800.547,0.99806775,0.99658804
2800.5675,0.99734065,0.99624398
2800.5879,0.99762194,0.99660908
2800.6083,0.99776173,0.99641849
2800.6288,0.99774353,0.99633836
2800.6696,0.99770592,0.99622281
2800.6901,0.99720699,0.99574596
2800.7105,0.99819998,0.99627728
2800.7309,0.99731241,0.99677889
2800.7514,0.99820957,0.99677818
2800.7718,0.99777446,0.99682527
2800.7922,0.99781616,0.99705872
2800.8126,0.99698076,0.99579963
2800.8331,0.99770022,0.99626275
2800.8535,0.9970307,0.99634693
2800.8739,0.99618487,0.99608844
2800.9148,0.99808186,0.99649768
2800.9352,0.99748436,0.9966005
2800.9557,0.99659322,0.99610431
2800.9761,0.99844216,0.99631189
2800.9965,0.99845231,0.9966561
2801.017,0.99797407,0.99692128
2801.0374,0.99719685,0.99635543
2801.0578,0.99828865,0.99677991
2801.0783,0.99781352,0.99653195
2801.0987,0.99896242,0.99664942
2801.1191,0.99738665,0.99615022
2801.16,0.998119,0.9971732
2801.1804,0.99727366,0.99644819
2801.2008,0.99709375,0.99645959
2801.2213,0.99860575,0.99737997
2801.2417,0.9976525,0.99654919
2801.2621,0.99810242,0.99675651
2801.2826,0.99765011,0.99590857
2801.303,0.99768694,0.99654131
2801.3234,0.99834737,0.99669859
2801.3439,0.99747641,0.99640217
2801.3643,0.99849415,0.99660016
2801.4052,0.99821311,0.99688324
2801.4256,0.9999303,0.99705976
2801.446,1.002947,0.99679749
2801.4665,0.99666313,0.99621222
2801.4869,0.99749795,0.99654573
2801.5073,0.99897964,0.99665758
2801.5278,0.99750316,0.9961928
2801.5482,0.99758555,0.99617653
2801.5686,0.99818772,0.99652186
2801.5891,0.99714246,0.99578893
2801.6095,0.9980578,0.99607505
2801.6503,0.99678065,0.99625224
2801.6708,0.99821594,0.99670798
2801.6912,0.99801345,0.99648452
2801.7116,0.99824796,0.9968414
2801.7321,1.003402,0.99636075
2801.7525,0.99726385,0.99604805
2801.7729,0.99808249,0.99653
2801.7934,0.99758668,0.99629809
2801.8138,0.99839897,0.99624877
2801.8342,0.9973906,0.99605425
2801.8547,0.99786569,0.99594049
2801.8955,0.99881736,0.99655811
2801.916,0.99815181,0.99660733
2801.9364,0.99690418,0.99598075
2801.9568,0.99876186,0.99641169
2801.9773,0.99761425,0.99640595
2801.9977,1.0019169,0.99632725
2802.0181,0.99856499,0.99661976
2802.0385,0.99871924,0.99654227
2802.059,0.99922312,0.99665198
2802.0794,0.99874145,0.99623873
2802.0998,0.99822069,0.99656249
2802.1407,0.99837235,0.9970212
2802.1611,0.99859838,0.99672202
2802.1816,0.99760498,0.99658169
2802.202,0.9982649,0.99643392
2802.2224,0.99796004,0.99666289
2802.2429,0.99858639,0.99643809
2802.2633,0.99879429,0.99605647
2802.2837,0.99817796,0.99679581
2802.3042,0.99755373,0.99600434
2802.3246,0.99701157,0.99592544
2802.345,0.99816271,0.9963755
2802.3859,0.99867385,0.99663651
2802.4063,0.99761762,0.99543118
2802.4268,0.99981961,0.99622826
2802.4472,0.9980448,0.99583035
2802.4676,0.9984155,0.99602745
2802.488,0.99846201,0.99603706
2802.5085,0.99808897,0.99603072
2802.5289,0.99927884,0.99691722
2802.5493,1.0019143,0.99583039
2802.5698,0.99840742,0.99620744
2802.5902,0.99829443,0.99588815
2802.6311,0.99832649,0.99575536
2802.6515,0.99657575,0.99562226
2802.6719,0.99842642,0.99651379
2802.6924,0.99749941,0.9960684
2802.7128,0.99792586,0.99606004
2802.7332,0.99879061,0.99629958
2802.7537,0.99800278,0.99605384
2802.7741,0.99800885,0.99619678
2802.7945,0.99776703,0.99513786
2802.815,0.99826642,0.99572279
2802.8354,0.9978286,0.99566515
2802.8558,0.99754971,0.99627237
2802.8762,0.99737118,0.99589108
2802.8967,0.99927309,0.99631114
2802.9171,0.99835775,0.99605866
2802.9375,0.99875705,0.99606093
2802.958,0.9982578,0.99610037
2802.9784,0.99753589,0.99584339
2802.9988,0.99895087,0.99686424
2803.0193,0.99742568,0.99585229
2803.0397,0.99764168,0.99558878
2803.0601,0.99881893,0.99635831
2803.0806,0.99808668,0.99587548
2803.1214,0.99743639,0.99582713
2803.1419,0.99743563,0.99592724
2803.1623,0.99865087,0.99601194
2803.1827,0.99776329,0.99577354
2803.2032,0.99627589,0.99513448
2803.2236,0.9971647,0.99598037
2803.244,0.99654559,0.99553542
2803.2645,0.99842274,0.99585396
2803.2849,0.99727733,0.99611629
2803.3053,0.99771106,0.99587684
2803.3257,0.99828817,0.99614627
2803.3666,0.99879619,0.99600627
2803.387,0.99888102,0.99646744
2803.4075,0.99770178,0.99556115
2803.4279,0.99731341,0.99584943
2803.4483,0.99938042,0.99636427
2803.4688,0.99777045,0.99584874
2803.4892,0.99914111,0.99608057
2803.5096,0.99935103,0.99650855
2803.5301,0.99795718,0.99633008
2803.5505,0.99850989,0.99709313
2803.5709,0.99705348,0.99576382
2803.6118,0.99838847,0.99598738
2803.6322,0.99841335,0.99602771
2803.6527,0.99796475,0.99657849
2803.6731,0.99904834,0.99600205
2803.6935,0.9979879,0.99617563
2803.7139,0.9976392,0.99613369
2803.7344,0.9976982,0.99602524
2803.7548,0.99796258,0.99641687
2803.7752,0.99802129,0.99606474
2803.7957,0.99668345,0.99559678
2803.8161,0.99717129,0.99620853
2803.857,0.99805329,0.99606786
2803.8774,0.99869232,0.99627224
2803.8978,0.99780509,0.99581629
2803.9183,0.99860958,0.99583569
2803.9387,0.99814736,0.99616371
2803.9591,0.99786192,0.99562311
2803.9796,0.99663687,0.995729
2804,0.9979184,0.99562848
2804.0204,0.99728757,0.99539661
2804.0409,0.99814441,0.9957599
2804.0613,1.0016502,0.99778906
2804.1022,0.9983567,0.99671065
2804.1226,0.99713875,0.99611259
2804.143,0.99849348,0.99646362
2804.1634,0.99857641,0.9961618
2804.1839,0.99791624,0.99624748
2804.2043,0.99952788,0.9966904
2804.2247,0.99785815,0.99616255
2804.2452,0.99801511,0.99646147
2804.2656,0.99901691,0.9959798
2804.286,0.99759003,0.99597813
2804.3065,0.9981678,0.99618656
2804.3269,0.99751211,0.99706112
2804.3473,1.0070136,0.99703829
2804.3678,0.99707987,0.99635182
2804.3882,0.99798454,0.99693365
2804.4086,0.99828953,0.99639971
2804.4291,0.99807648,0.99629106
2804.4495,0.99786861,0.99610056
2804.4699,0.99896388,0.99670525
2804.4904,0.99870457,0.99630205
2804.5108,0.9980465,0.99623255
2804.5312,0.99805903,0.99637244
2804.5517,0.99775401,0.99588346
2804.5925,0.99688868,0.99630181
2804.6129,0.99753778,0.99698839
2804.6334,0.9981869,0.99665047
2804.6538,0.99856186,0.99666607
2804.6742,0.99789444,0.99677747
2804.6947,0.99775187,0.99673689
2804.7151,0.99992989,0.99710274
2804.7355,0.99775842,0.99608576
2804.756,0.99777938,0.99629516
2804.7764,0.99781084,0.99622917
2804.7968,0.99809159,0.9958563
2804.8377,0.99715965,0.99589319
2804.8581,0.99840703,0.99626952
2804.8786,0.99785682,0.99665426
2804.899,0.99784487,0.99627134
2804.9194,0.99903687,0.99673865
2804.9399,0.99771449,0.99627583
2804.9603,0.9990476,0.99663609
2804.9807,0.9965802,0.99572883
2805.0011,0.99805589,0.99650115
2805.0216,0.99863975,0.99631342
2805.042,0.9980709,0.99619417
2805.0829,0.9987506,0.99650526
2805.1033,0.99853132,0.99665714
2805.1237,0.99883537,0.99670533
2805.1442,0.99830424,0.99621237
2805.1646,0.99722627,0.99636246
2805.185,0.99882997,0.99682881
2805.2055,0.99803181,0.99639951
2805.2259,0.99857271,0.99653354
2805.2463,0.9978861,0.99635135
2805.2668,0.99841362,0.99643571
2805.2872,0.99830671,0.99639778
2805.3281,0.99767,0.9964072
2805.3485,1.0006334,0.99667014
2805.3689,0.99816421,0.9962297
2805.3894,0.9982584,0.99605933
2805.4098,0.99799773,0.99617499
2805.4302,0.9983145,0.99626336
2805.4506,0.99776142,0.99634042
2805.4711,0.99850406,0.9960391
2805.4915,0.99770405,0.99610264
2805.5119,0.998067,0.99636421
2805.5324,0.99772849,0.99566884
2805.5732,0.99691797,0.99585042
2805.5937,0.99851639,0.99650463
2805.6141,0.99720889,0.99601303
2805.6345,0.99749298,0.99618993
2805.655,0.99716329,0.99596191
2805.6754,0.99799464,0.99623446
2805.6958,0.9988642,0.99710731
2805.7163,0.99838389,0.99649495
2805.7367,0.99757146,0.99601508
2805.7571,0.99753242,0.99603783
2805.7776,0.99853451,0.99599159
2805.8184,0.99808601,0.9963675
2805.8389,0.99829629,0.99645513
2805.8593,0.99919399,0.99606563
2805.8797,0.9969566,0.99575066
2805.9001,0.99771105,0.99643321
2805.9206,0.99830656,0.99609744
2805.941,0.99756938,0.99614046
2805.9614,0.99739839,0.99598245
2805.9819,0.99699692,0.99556489
2806.0023,0.99777945,0.99561089
2806.0227,0.99756925,0.99592455
2806.0636,0.99893422,0.9959676
2806.084,0.99809647,0.99513677
2806.1045,0.99764073,0.99607918
2806.1249,0.99616104,0.99519024
2806.1453,0.99757659,0.99552237
2806.1658,0.99830533,0.99573961
2806.1862,0.99804683,0.99587449
2806.2066,0.99820044,0.99515116
2806.2271,0.99774626,0.99588267
2806.2475,1.0003722,0.99825157
2806.2679,0.99800852,0.99578385
2806.2883,0.99719704,0.99550747
2806.3088,0.99789106,0.99627722
2806.3292,0.99759881,0.99533387
2806.3496,0.9979175,0.99582743
2806.3701,0.99789594,0.99544388
2806.3905,0.99839528,0.99634773
2806.4109,0.99861445,0.99605016
2806.4314,0.99784884,0.99603594
2806.4518,0.99734115,0.99511452
2806.4722,0.99732218,0.99582651
2806.4927,0.99889863,0.99588903
2806.5131,0.99798897,0.99559496
2806.554,0.99882677,0.99584589
2806.5744,0.99896342,0.99598803
2806.5948,0.99806246,0.99559176
2806.6153,0.99716879,0.99577037
2806.6357,0.99837585,0.99665931
2806.6561,0.99753941,0.99582573
2806.6766,0.99829008,0.99587094
2806.697,0.9978486,0.99583324
2806.7174,0.99790204,0.99590036
2806.7378,0.99853152,0.99577351
2806.7583,0.99777735,0.99621737
2806.7991,0.99739958,0.99555001
2806.8196,0.99856222,0.99622695
2806.84,0.9980881,0.99578436
2806.8604,0.99826671,0.99611458
2806.8809,1.0011984,0.99592655
2806.9013,0.99816083,0.9960721
2806.9217,0.99791186,0.99574346
2806.9422,0.99745168,0.99580195
2806.9626,0.99805495,0.99606674
2806.983,0.99769127,0.99575644
2807.0035,0.99854001,0.99504597
2807.0443,0.99819921,0.99648891
2807.0648,0.99853879,0.99632807
2807.0852,0.9975045,0.995626
2807.1056,0.99827494,0.99601903
2807.1261,0.99856893,0.99635906
2807.1465,1.0001148,0.99607479
2807.1669,0.99811109,0.99562701
2807.1873,0.99743118,0.9956227
2807.2078,0.99888062,0.99641226
2807.2282,0.99847875,0.99564038
2807.2486,0.99827063,0.99574461
2807.2895,0.99819929,0.99574204
2807.3099,0.99880766,0.99635665
2807.3304,0.99755619,0.99574613
2807.3508,0.99919235,0.99613545
2807.3712,0.99775242,0.99606547
2807.3917,0.99956636,0.99659085
2807.4121,0.99729909,0.99577391
2807.4325,0.99929374,0.99627841
2807.453,0.99872471,0.99550559
2807.4734,0.99810666,0.99555744
2807.4938,0.99809585,0.99542749
2807.5347,0.99983224,0.99632403
2807.5551,0.99994978,0.99603599
2807.5755,0.99848125,0.99516513
2807.596,0.99776903,0.99586994
2807.6164,0.99940703,0.99649962
2807.6368,0.99891081,0.99572408
2807.6573,0.9972992,0.99547349
2807.6777,0.99830458,0.99608104
2807.6981,0.99858342,0.99601501
2807.7186,0.99763902,0.99582227
2807.739,0.99860951,0.99581159
2807.7799,0.99831923,0.99605294
2807.8003,0.99839913,0.99639196
2807.8207,0.99915297,0.99626268
2807.8412,0.99765948,0.99543909
2807.8616,0.99817598,0.9952375
2807.882,0.9988561,0.99585512
2807.9025,0.9987067,0.99587063
2807.9229,0.99964345,0.99620317
2807.9433,0.99867313,0.9956088
2807.9638,0.99875539,0.9957623
2807.9842,0.99874423,0.99552969
2808.025,1.0024202,0.99554016
2808.0455,0.99880188,0.99614345
2808.0659,0.99724596,0.99551454
2808.0863,0.99814537,0.99542717
2808.1068,0.99923416,0.99582523
2808.1272,0.99926258,0.99614421
2808.1476,0.99847532,0.99612519
2808.1681,0.99935055,0.99595929
2808.1885,0.99829522,0.99528202
2808.2089,0.99762777,0.99565446
2808.2294,0.9989772,0.99599928
2808.2702,0.99782421,0.99556125
2808.2907,0.99836973,0.99512675
2808.3111,0.99920904,0.99560074
2808.3315,0.99862206,0.99560303
2808.352,1.0002328,0.99600353
2808.3724,0.99947816,0.99617075
2808.3928,0.99976966,0.99591576
2808.4133,0.99809744,0.99543457
2808.4337,0.99714836,0.99499391
2808.4541,0.99950212,0.99600313
2808.4745,0.99941754,0.99645568
2808.5154,0.99935918,0.99461839
2808.5358,0.9991327,0.99508223
2808.5563,0.99908775,0.99643772
2808.5767,0.99940054,0.99591542
2808.5971,0.99766529,0.99479943
2808.6176,0.99999785,0.99551907
2808.638,0.99723432,0.99515469
2808.6584,0.99694373,0.99496549
2808.6789,0.99782808,0.99525803
2808.6993,0.99856926,0.99486079
2808.7197,0.99757895,0.9954345
2808.7402,0.99805701,0.994582
2808.7606,0.997939,0.9955311
2808.781,0.9984658,0.99550451
2808.8015,0.99832316,0.99462383
2808.8219,0.99915069,0.99526095
2808.8423,0.99842369,0.99520697
2808.8628,0.99835617,0.99560247
2808.8832,0.99921812,0.99550857
2808.9036,0.99885497,0.99580063
2808.924,0.99899157,0.99592595
2808.9445,0.99948671,0.99603393
2808.9649,0.99939543,0.99581457
2809.0058,0.99971516,0.99579154
2809.0262,0.99812128,0.99484323
2809.0466,0.99985296,0.99510811
2809.0671,0.99898036,0.9944836
2809.0875,0.99925096,0.99491704
2809.1079,0.99981626,0.99575835
2809.1284,0.99881417,0.99543338
2809.1488,1.0002673,0.99614588
2809.1692,0.99721249,0.99461495
2809.1897,0.99846216,0.99487262
2809.2101,0.99752421,0.99467827
2809.2305,0.99758038,0.99528891
2809.251,0.99976062,0.99584176
2809.2714,0.99817857,0.99534548
2809.2918,0.99923143,0.99518463
2809.3123,0.9992404,0.99519669
2809.3327,0.99935008,0.9954923
2809.3531,0.99866841,0.99570111
2809.3735,0.99989932,0.99511551
2809.394,0.99941512,0.99518879
2809.4144,0.99889438,0.99524211
2809.4348,0.99824604,0.99435366
2809.4553,0.9990691,0.9951085
2809.4961,0.9980466,0.99467008
2809.5166,0.99984414,0.9950589
2809.537,1.000105,0.99569856
2809.5574,1.0003579,0.99604072
2809.5779,0.99852376,0.99508992
2809.5983,0.9990443,0.99507754
2809.6187,0.99811805,0.99503358
2809.6392,0.9992856,0.99526818
2809.6596,0.99944208,0.99491561
2809.68,0.99840804,0.99464738
2809.7005,0.99896711,0.99565619
2809.7413,0.99832511,0.99511797
2809.7617,0.99828276,0.9952198
2809.7822,0.99852526,0.99483351
2809.8026,0.99938749,0.99549743
2809.823,0.99850879,0.99540305
2809.8435,0.99962671,0.99539933
2809.8639,0.99933639,0.995342
2809.8843,0.99866899,0.99480061
2809.9048,0.99907774,0.99501416
2809.9252,0.99808968,0.99473266
2809.9456,0.99925025,0.9954186
2810.0069,0.99757649,0.99534629
2810.0274,0.99971954,0.99563677
2810.0478,0.99861203,0.99503978
2810.0682,0.99805011,0.99488685
2810.0887,0.99833595,0.99480668
2810.1091,0.99958386,0.99559201
2810.1295,0.99844675,0.99522814
2810.15,0.99877458,0.99517776
2810.1704,0.99917624,0.99452547
2810.1908,0.99869847,0.99456581
2810.2112,0.99832046,0.99576485
2810.2317,0.99942675,0.9961171
2810.2521,0.99936902,0.99599123
2810.2725,0.9989377,0.99598733
2810.293,0.99755574,0.99529884
2810.3134,0.99851941,0.99598646
2810.3338,0.99721662,0.99505968
2810.3543,0.99972527,0.99569242
2810.3747,0.99973449,0.99556525
2810.3951,0.99917431,0.99513474
2810.4156,0.9989924,0.99571899
2810.436,0.99912214,0.99528496
2810.4564,0.99864675,0.9955697
2810.4769,0.99922842,0.99574213
2810.4973,0.99850291,0.99494433
2810.5177,1.0002921,0.99552766
2810.5382,0.99863125,0.99547478
2810.5586,0.99935074,0.99561708
2810.579,0.99748171,0.99461344
2810.5995,0.9984204,0.99461073
2810.6199,0.99798902,0.99472952
2810.6403,0.99829917,0.99503039
2810.6607,0.99824763,0.99488394
2810.6812,0.99790824,0.9947891
2810.722,0.99701705,0.99511901
2810.7425,0.99759743,0.99474864
2810.7629,0.99796867,0.99519388
2810.7833,0.99912461,0.99567479
2810.8038,0.99964276,0.99571578
2810.8242,0.99775333,0.99490009
2810.8446,0.99852544,0.99519978
2810.8651,0.99779223,0.99479843
2810.8855,0.99837573,0.99558471
2810.9059,0.99793293,0.99551558
2810.9264,0.99866915,0.99510781
2810.9672,0.99845909,0.99517173
2810.9877,0.99854349,0.99505076
2811.0081,0.99694186,0.99482857
2811.0285,0.99741407,0.99455954
2811.049,0.9975551,0.99468071
2811.0694,0.9975763,0.99483814
2811.0898,0.99675583,0.99427981
2811.1102,0.99833461,0.99508769
2811.1307,0.99800936,0.99472897
2811.1511,0.9981449,0.99496822
2811.1715,0.99728218,0.99480842
2811.2124,0.9970496,0.99497476
2811.2328,0.99905543,0.99496369
2811.2533,0.99736778,0.99498577
2811.2737,0.99815778,0.99493158
2811.2941,0.99791757,0.99504189
2811.3146,0.99709385,0.99502469
2811.335,0.99819273,0.99491997
2811.3554,0.99796362,0.99497368
2811.3759,0.99717514,0.99433947
2811.3963,0.9980187,0.9950033
2811.4167,0.99550494,0.99397246
2811.4372,0.99728735,0.99476113
2811.4576,0.99827471,0.99506099
2811.478,0.99813978,0.99526986
2811.4985,0.99753029,0.99492558
2811.5189,0.99757281,0.9949129
2811.5393,0.99751918,0.99463773
2811.5597,0.9969306,0.99472303
2811.5802,0.99674542,0.99453867
2811.6006,0.9974359,0.99479996
2811.621,0.99820537,0.99459789
2811.6415,0.99621122,0.99484752
2811.6619,0.99787528,0.99490715
2811.7028,0.9967506,0.99412834
2811.7232,0.99712501,0.99460092
2811.7436,0.99897188,0.99466434
2811.7641,0.99764921,0.99469774
2811.7845,0.99760855,0.99452647
2811.8049,0.99660393,0.99418644
2811.8254,0.99699741,0.99430984
2811.8458,0.99651929,0.99383423
2811.8662,0.99624568,0.99430739
2811.8867,0.99774048,0.99459658
2811.9071,0.99690941,0.99450241
2811.948,0.99758882,0.99394417
2811.9684,0.99699999,0.99410122
2811.9888,0.99615192,0.99392037
2812.0092,1.0038363,0.99900735
2812.0297,0.99630023,0.99355911
2812.0501,0.99811939,0.99415324
2812.0705,0.99667385,0.99366214
2812.091,0.9968313,0.99421092
2812.1114,0.99715771,0.99393836
2812.1318,0.99591473,0.99379164
2812.1523,0.99749514,0.99399031
2812.1931,0.99797281,0.99472155
2812.2136,0.99584873,0.99453431
2812.234,0.99755395,0.99430985
2812.2544,0.99783845,0.99427306
2812.2749,0.99575852,0.99348883
2812.2953,0.99777883,0.99477004
2812.3157,0.99653374,0.99399063
2812.3362,0.99712946,0.99441057
2812.3566,0.99617241,0.99411234
2812.377,0.99657924,0.99482431
2812.3975,0.99604301,0.9940013
2812.4179,0.99711545,0.99440527
2812.4383,0.99659581,0.99458003
2812.4587,0.99639948,0.9944421
2812.4792,0.99710631,0.99434463
2812.4996,0.99581627,0.99366987
2812.52,0.99749342,0.99484788
2812.5405,0.9964821,0.99401081
2812.5609,0.99709216,0.99458331
2812.5813,0.99763671,0.99446118
2812.6018,0.99581826,0.99407323
2812.6222,0.99762258,0.99448355
2812.6426,0.9975348,0.99477517
2812.6835,0.99761146,0.99403728
2812.7039,0.99622492,0.99430897
2812.7244,0.99640116,0.99410219
2812.7448,0.99565869,0.99374012
2812.7652,0.99588586,0.99372327
2812.7857,0.99589148,0.99372582
2812.8061,0.99667262,0.994107
2812.8265,0.99733614,0.99461009
2812.847,0.99802799,0.9949342
2812.8674,0.99730768,0.9944948
2812.8878,0.99678305,0.9944161
2812.9082,0.99720125,0.99491837
2812.9287,0.99805965,0.99432171
2812.9491,0.99632281,0.99386673
2812.9695,0.99672873,0.99432796
2812.99,0.99593717,0.99413049
2813.0104,0.99635619,0.99409073
2813.0308,0.99758836,0.99443025
2813.0513,0.9972762,0.99442525
2813.0717,0.99569756,0.99407017
2813.0921,0.99718683,0.99479023
2813.1126,0.99642632,0.99472355
2813.133,0.99546092,0.99391613
2813.1739,0.99608279,0.99367055
2813.1943,0.99538601,0.99436214
2813.2147,0.99628108,0.99416516
2813.2352,0.99814449,0.99433637
2813.2556,0.99658377,0.99453482
2813.276,0.99601374,0.99440151
2813.2965,0.99751273,0.99481976
2813.3169,0.99531073,0.99419638
2813.3373,0.99587812,0.99416775
2813.3577,0.99632227,0.99558969
2813.3782,0.99580525,0.99395453
2813.419,0.9965868,0.99457654
2813.4395,1.0004263,0.99564124
2813.4599,0.99467697,0.99398309
2813.4803,0.99800791,0.99572537
2813.5008,0.99785533,0.9946939
2813.5212,0.99603105,0.99454851
2813.5416,0.99626557,0.99381074
2813.5621,0.99735016,0.99463297
2813.5825,0.99650736,0.99440012
2813.6029,0.9964039,0.99425877
2813.6234,0.99674606,0.99467161
2813.6642,0.99731309,0.99386405
2813.6847,0.99674243,0.99350816
2813.7051,0.99623109,0.99403355
2813.7255,0.9975413,0.99364897
2813.746,0.99695494,0.99438504
2813.7664,0.99556871,0.99381542
2813.7868,0.99627802,0.99486412
2813.8072,0.99839734,0.99475719
2813.8277,0.99747095,0.99403565
2813.8481,0.99660254,0.99477269
2813.8685,0.99641611,0.99439377
2813.9094,0.99654999,0.99507743
2813.9298,0.99580965,0.99465818
2813.9503,0.99651114,0.99473824
2813.9707,0.99636705,0.99481007
2813.9911,0.99687117,0.99461444
2814.0116,0.99620387,0.99447192
2814.032,0.99778212,0.99541757
2814.0524,0.99642142,0.99453231
2814.0729,0.99721585,0.9947208
2814.0933,0.99686885,0.99481665
2814.1137,0.99741431,0.99421463
2814.1342,0.9961722,0.99473767
2814.1546,0.99751813,0.99506034
2814.175,0.99640179,0.99508887
2814.1955,0.99563906,0.99462492
2814.2159,0.99501455,0.99420273
2814.2363,0.99486428,0.99367837
2814.2567,0.99459474,0.99374893
2814.2772,0.99510851,0.99404955
2814.2976,0.99711856,0.99452772
2814.318,0.9964118,0.9940223
2814.3385,0.99625583,0.99428575
2814.3589,0.99716604,0.99454041
2814.3998,0.99618723,0.99523653
2814.4202,1.008502,0.99502321
2814.4406,0.9953295,0.99399571
2814.4611,0.99633675,0.994393
2814.4815,0.99763171,0.99438072
2814.5019,0.99683799,0.99451696
2814.5224,0.99679641,0.99445796
2814.5428,0.99754035,0.99466416
2814.5632,0.99829002,0.99431972
2814.5837,0.99767718,0.99442405
2814.6041,0.9966176,0.99431319
2814.645,0.99650917,0.99589279
2814.6654,0.99706032,0.99560849
2814.6858,0.99712905,0.99535054
2814.7062,0.99746967,0.99512566
2814.7267,0.99775317,0.99492681
2814.7471,0.99728062,0.99540063
2814.7675,0.99680912,0.99475346
2814.788,0.99753642,0.99444303
2814.8084,0.99723327,0.99509404
2814.8288,0.99826676,0.9956953
2814.8493,0.99718873,0.99533422
2814.8901,0.99687923,0.99488623
2814.9106,0.99799697,0.99570875
2814.931,0.99773826,0.99522814
2814.9514,0.99779993,0.99540641
2814.9719,0.99830335,0.99520329
2814.9923,0.99740677,0.9945921
2815.0127,0.99852954,0.99539049
2815.0332,0.997438,0.99547473
2815.0536,0.99665361,0.99456383
2815.074,0.9987032,0.99559189
2815.0945,0.99762471,0.99498749
2815.1353,0.99618658,0.9949391
2815.1558,0.9972172,0.99550289
2815.1762,0.9975526,0.99498
2815.1966,0.99716927,0.99492318
2815.217,0.99836352,0.99515604
2815.2375,0.99760604,0.99524244
2815.2579,0.99796621,0.99509774
2815.2783,0.9980761,0.99503707
2815.2988,0.99686884,0.99409136
2815.3192,0.99727416,0.99460197
2815.3396,0.99742783,0.99432908
2815.3805,0.99741886,0.99485828
2815.4009,0.99735134,0.99486683
2815.4214,0.99667439,0.99485313
2815.4418,0.99725687,0.99483704
2815.4622,0.99623882,0.99424932
2815.4827,0.99855424,0.99530887
2815.5031,0.99746919,0.99455094
2815.5235,0.99799678,0.99466972
2815.544,0.99701745,0.99415384
2815.5644,0.99756707,0.99450121
2815.5848,0.99972827,0.99429691
2815.6257,0.99770779,0.99554634
2815.6461,0.9954166,0.99412057
2815.6665,1.0001886,0.99643774
2815.687,0.99744147,0.99499563
2815.7074,0.99604045,0.99431817
2815.7278,0.9978258,0.99441645
2815.7483,0.99778567,0.99487076
2815.7687,0.99691262,0.99408544
2815.7891,0.99732339,0.99442395
2815.8096,0.99757602,0.99430696
2815.83,0.99829077,0.99402781
2815.8913,0.99860781,0.99527364
2815.9117,0.99739607,0.99517465
2815.9322,0.99790984,0.99486202
2815.9526,0.99738657,0.99495473
2815.973,0.99829612,0.99493761
2815.9935,0.99727945,0.9943615
2816.0139,0.99716378,0.99437922
2816.0343,0.99905788,0.99532325
2816.0548,0.99842079,0.99499361
2816.0752,0.99724303,0.99420621
2816.116,0.99752138,0.99425753
2816.1365,0.99745815,0.99472713
2816.1569,0.99651672,0.99345874
2816.1773,0.99693849,0.99402524
2816.1978,0.99831761,0.99468004
2816.2182,0.99746949,0.99429469
2816.2386,0.9964965,0.99402363
2816.2591,0.9970219,0.99370862
2816.2795,0.99929768,0.99637215
2816.2999,0.99943331,0.99427791
2816.3204,0.99815378,0.99440655
2816.3612,0.9982315,0.99334052
2816.3817,0.99692561,0.99377541
2816.4021,0.99761223,0.99406502
2816.4225,0.99633179,0.99351244
2816.443,0.99621397,0.99383061
2816.4634,0.99668678,0.99372952
2816.4838,0.99636731,0.99373084
2816.5043,0.99724078,0.99377069
2816.5247,0.99814507,0.99436905
2816.5451,0.99658343,0.99397477
2816.5655,0.99678506,0.99375891
2816.6064,0.99768192,0.99412503
2816.6268,0.99652415,0.99382832
2816.6473,0.99792628,0.99405248
2816.6677,0.99733925,0.99407549
2816.6881,0.99624318,0.9935405
2816.7086,0.99703737,0.99375297
2816.729,0.99746741,0.99370308
2816.7494,0.99720276,0.99367927
2816.7699,0.99638716,0.9938114
2816.7903,0.99723254,0.9939391
2816.8107,0.99745207,0.99429106
2816.8516,0.9977261,0.99367869
2816.872,0.99742732,0.99381029
2816.8925,0.99672993,0.99396108
2816.9129,0.99667984,0.99349343
2816.9333,0.99812952,0.9941852
2816.9538,0.99643394,0.9941338
2816.9742,0.99724093,0.99431432
2816.9946,0.99734085,0.99408857
2817.0151,0.99733261,0.9942387
2817.0355,0.99739176,0.99431676
2817.0559,0.99667762,0.99361065
2817.0968,0.99641034,0.99401565
2817.1172,0.99810662,0.99381612
2817.1376,0.99792327,0.99443478
2817.1581,0.99789071,0.99449586
2817.1785,0.99868063,0.99453555
2817.1989,0.99652378,0.99432359
2817.2194,0.9969989,0.9939815
2817.2398,0.99816504,0.99427483
2817.2602,0.99754984,0.99393914
2817.2807,0.99652749,0.99294053
2817.3011,0.99832105,0.99424886
2817.342,0.99770307,0.99415429
2817.3624,0.99813076,0.99306442
2817.3828,0.99746715,0.99374038
2817.4033,0.99764656,0.99372036
2817.4237,0.9980775,0.99341041
2817.4441,0.9966919,0.99264911
2817.4646,0.99726655,0.99271136
2817.485,0.9971474,0.99276167
2817.5054,0.9992456,0.99461996
2817.5258,0.99767477,0.99354833
2817.5463,0.99690991,0.99297961
2817.5667,0.99824159,0.9936139
2817.5871,0.99838235,0.99467607
2817.6076,0.99733508,0.99383762
2817.628,0.99773836,0.99368895
2817.6484,0.99814681,0.99437934
2817.6689,0.99893964,0.99368123
2817.6893,0.99734757,0.99392667
2817.7097,0.99875207,0.99437484
2817.7302,0.99812835,0.99411077
2817.7506,0.99786218,0.99370883
2817.771,0.99783403,0.99397456
2817.7915,0.9981812,0.99451774
2817.8323,0.997929,0.9939268
2817.8528,0.99814866,0.993982
2817.8732,0.99773985,0.99341462
2817.8936,0.9979644,0.99377789
2817.9141,0.99790397,0.99377078
2817.9345,0.99937934,0.99466616
2817.9549,0.99832726,0.99405282
2817.9753,0.99869262,0.99454759
2817.9958,0.99749331,0.99358831
2818.0162,0.99801586,0.99436918
2818.0366,0.99743963,0.99362434
2818.0775,0.99929987,0.99354901
2818.0979,0.99713772,0.99346628
2818.1184,0.99711135,0.99275837
2818.1388,0.99864042,0.99317256
2818.1592,1.0011215,0.99365902
2818.1797,0.99922326,0.99288582
2818.2001,0.99778761,0.9936163
2818.2205,0.99881182,0.99397718
2818.241,0.99895323,0.99357247
2818.2614,0.99781179,0.99297487
2818.2818,0.99783429,0.993431
2818.3023,0.99780145,0.99343072
2818.3227,0.99851912,0.99329435
2818.3431,0.99823789,0.9940033
2818.3636,0.99866756,0.99420827
2818.384,0.99842339,0.9935716
2818.4044,0.99903343,0.99404844
2818.4249,0.99912023,0.99380006
2818.4453,0.99941339,0.99374084
2818.4657,0.99887536,0.99373443
2818.4861,0.99835285,0.99396542
2818.5066,0.99911464,0.99388591
2818.527,0.99862031,0.9936181
2818.5679,0.99841855,0.99326387
2818.5883,0.9987009,0.9931503
2818.6087,0.99958124,0.99407128
2818.6292,0.99803547,0.99278088
2818.6496,0.99954249,0.99425738
2818.67,0.99952258,0.99431972
2818.6905,0.99784225,0.99336614
