tic_id,disp_E,disp_N,disp_J,disp_S,disp_B,maxcount
1716562915,0,0,10,0,0,10
377782251,10,0,0,0,0,10
158634603,0,0,0,0,10,10
123198401,10,0,0,0,0,10
122442440,0,0,10,0,0,10
1550551009,0,0,0,0,10,10
157893811,0,0,10,0,0,10
123094566,0,0,0,0,10,10
164558055,10,0,0,0,0,10
289316566,0,0,10,0,0,10
158212071,0,0,0,0,10,10
120819679,0,0,10,0,0,10
48354229,0,0,0,0,10,10
1550845395,0,0,10,0,0,10
121462734,0,0,10,0,0,10
158992560,10,0,0,0,0,10
121866154,10,0,0,0,0,10
352010309,0,0,0,0,10,10
230295899,0,0,0,0,10,10
122957665,0,0,10,0,0,10
120102013,0,0,10,0,0,10
352015031,0,0,6,0,4,6
122835046,0,0,10,0,0,10
159575251,0,0,10,0,0,10
399793543,0,0,10,0,0,10
158387820,10,0,0,0,0,10
357790008,10,0,0,0,0,10
123312445,0,0,10,0,0,10
351679739,0,0,0,0,10,10
121943644,0,0,0,0,10,10
121599453,7,0,3,0,0,7
121465794,0,0,0,0,10,10
123096848,0,0,10,0,0,10
157697257,10,0,0,0,0,10
267668304,0,0,10,0,0,10
336123398,4,0,6,0,0,6
279911561,10,0,0,0,0,10
158490401,10,0,0,0,0,10
122711694,10,0,0,0,0,10
377727897,0,0,10,0,0,10
157806792,0,0,0,0,10,10
158629583,0,0,10,0,0,10
121866674,0,0,10,0,0,10
288963329,10,0,0,0,0,10
383722858,0,0,10,0,0,10
159104855,0,0,0,0,10,10
120107536,0,0,10,0,0,10
7849879,0,0,8,0,2,8
158993000,0,0,10,0,0,10
164462628,10,0,0,0,0,10
159304640,0,0,0,0,10,10
258269969,0,0,0,0,10,10
122707931,0,0,0,0,10,10
159097419,10,0,0,0,0,10
377782148,10,0,0,0,0,10
120577246,0,0,7,0,3,7
159179755,0,0,10,0,0,10
1882444921,1,0,2,0,7,7
288614490,0,0,0,0,10,10
120691153,10,0,0,0,0,10
158984226,0,0,0,0,10,10
123357810,0,0,10,0,0,10
120101789,10,0,0,0,0,10
137211634,10,0,0,0,0,10
159304511,0,0,10,0,0,10
159651148,0,0,0,0,10,10
164647043,0,0,10,0,0,10
137339954,0,0,0,0,10,10
357794973,0,0,0,0,10,10
121020626,10,0,0,0,0,10
405716750,0,0,0,0,10,10
123099340,0,0,10,0,0,10
158935810,0,0,10,0,0,10
158165919,0,0,0,0,10,10
137089812,0,0,10,0,0,10
230285243,0,0,10,0,0,10
120253246,0,0,0,0,10,10
158992111,0,0,10,0,0,10
279919834,3,0,7,0,0,7
289379075,0,0,10,0,0,10
158987652,0,0,10,0,0,10
7853287,0,0,10,0,0,10
279919717,2,0,0,0,8,8
121945680,0,0,0,0,10,10
123232383,10,0,0,0,0,10
120417876,0,0,0,0,10,10
158173358,3,0,1,0,6,6
158211897,0,0,10,0,0,10
377729640,10,0,0,0,0,10
120314663,0,0,10,0,0,10
243272642,0,0,10,0,0,10
123235678,0,0,10,0,0,10
123451066,0,0,10,0,0,10
158988299,0,0,10,0,0,10
1716146150,10,0,0,0,0,10
158935412,0,0,0,0,10,10
137412553,0,0,10,0,0,10
122295249,0,0,0,0,10,10
159306495,0,0,10,0,0,10
122789095,0,0,10,0,0,10
164674459,0,0,0,0,10,10
336132339,10,0,0,0,0,10
159441965,10,0,0,0,0,10
7857572,0,0,10,0,0,10
121466525,0,0,10,0,0,10
164669019,10,0,0,0,0,10
21279927,0,0,10,0,0,10
288882010,10,0,0,0,0,10
48304595,0,0,10,0,0,10
7853362,10,0,0,0,0,10
21279791,10,0,0,0,0,10
279918372,0,0,8,0,2,8
405685900,5,0,0,5,0,5
157585595,10,0,0,0,0,10
122447077,10,0,0,0,0,10
158171489,0,0,10,0,0,10
289167630,2,0,0,0,8,8
288848006,10,0,0,0,0,10
121015325,9,0,0,0,1,9
123235657,0,0,10,0,0,10
164523531,0,0,10,0,0,10
123361779,0,0,10,0,0,10
394174686,0,0,10,0,0,10
158836116,10,0,0,0,0,10
158321843,10,0,0,0,0,10
158424441,0,0,10,0,0,10
121020558,10,0,0,0,0,10
230294947,0,0,10,0,0,10
289166512,0,0,0,0,10,10
121787454,1,0,9,0,0,9
120107519,0,0,8,0,2,8
158559512,0,0,0,0,10,10
137627570,10,0,0,0,0,10
123009162,10,0,0,0,0,10
289249552,0,0,10,0,0,10
336404040,0,0,10,0,0,10
120689739,0,0,10,0,0,10
267668536,0,0,0,0,10,10
122788173,0,0,10,0,0,10
159717453,0,0,10,0,0,10
122888214,10,0,0,0,0,10
122841141,0,0,2,0,8,8
7855996,6,0,0,0,4,6
121942650,0,0,10,0,0,10
357794219,0,0,10,0,0,10
120577269,10,0,0,0,0,10
157690305,0,0,9,1,0,9
123409976,0,0,10,0,0,10
164644088,10,0,0,0,0,10
289164741,0,0,0,0,10,10
157768086,1,0,9,0,0,9
399950705,0,0,10,0,0,10
7773058,0,0,10,0,0,10
159443322,10,0,0,0,0,10
289524625,0,0,10,0,0,10
158983395,0,0,0,0,10,10
120820148,0,0,0,0,10,10
237159629,0,0,5,0,5,5
357794621,0,0,10,0,0,10
399827456,0,0,10,0,0,10
121016336,0,0,10,0,0,10
47582109,0,0,10,0,0,10
158554073,0,0,10,0,0,10
48132292,0,0,0,0,10,10
7900623,0,0,10,0,0,10
137628906,10,0,0,0,0,10
120685421,0,0,0,0,10,10
164463419,0,0,10,0,0,10
158484497,10,0,0,0,0,10
298892207,0,0,10,0,0,10
7799187,0,0,10,0,0,10
7585171,0,0,10,0,0,10
158168670,10,0,0,0,0,10
351898282,0,0,0,0,10,10
157855876,10,0,0,0,0,10
123095411,10,0,0,0,0,10
279919437,0,0,0,0,10,10
122955155,0,0,10,0,0,10
158935571,1,0,6,0,3,6
120258315,10,0,0,0,0,10
158794983,10,0,0,0,0,10
137628718,0,0,0,0,10,10
158630571,0,0,10,0,0,10
137754536,0,0,10,0,0,10
123444754,0,0,10,0,0,10
121328347,0,0,9,0,1,9
122070883,4,0,0,0,6,6
158634203,0,0,10,0,0,10
164890522,0,0,10,0,0,10
159651777,0,0,10,0,0,10
121733979,0,0,0,0,10,10
164457253,0,0,0,0,10,10
137411233,10,0,0,0,0,10
288848857,0,0,10,0,0,10
121463130,10,0,0,0,0,10
158726127,10,0,0,0,0,10
157589696,0,0,10,0,0,10
289528681,10,0,0,0,0,10
351073181,0,0,10,0,0,10
120425077,10,0,0,0,0,10
351798452,0,0,0,0,10,10
7582000,0,0,10,0,0,10
399913539,0,0,10,0,0,10
289322850,0,0,10,0,0,10
120251822,10,0,0,0,0,10
120764302,0,0,10,0,0,10
279913202,0,0,10,0,0,10
158833341,10,0,0,0,0,10
351801168,0,0,10,0,0,10
47822216,0,0,0,0,10,10
351769888,10,0,0,0,0,10
157652519,1,0,9,0,0,9
157696836,0,0,0,0,10,10
336320012,0,0,10,0,0,10
377728228,10,0,0,0,0,10
122136817,0,0,4,0,6,6
289246736,10,0,0,0,0,10
121467162,0,0,9,0,1,9
279914595,10,0,0,0,0,10
121394030,0,0,10,0,0,10
121602401,0,0,10,0,0,10
158922455,10,0,0,0,0,10
164887331,0,0,6,0,4,6
390134519,0,0,10,0,0,10
1716467085,10,0,0,0,0,10
332629965,0,0,0,0,10,10
120043041,0,0,10,0,0,10
159180138,0,0,0,0,10,10
405684921,0,0,1,0,9,9
164835877,0,0,10,0,0,10
158833727,0,0,10,0,0,10
390203806,10,0,0,0,0,10
121013849,0,0,10,0,0,10
7849727,10,0,0,0,0,10
390134271,0,0,0,0,10,10
137412167,10,0,0,0,0,10
158390181,0,0,0,0,10,10
279913947,0,0,10,0,0,10
350987999,10,0,0,0,0,10
158275347,0,0,10,0,0,10
159310665,0,0,10,0,0,10
7774003,0,0,10,0,0,10
258271241,10,0,0,0,0,10
159717632,9,0,0,0,1,9
237161538,10,0,0,0,0,10
157760864,0,0,10,0,0,10
157645264,10,0,0,0,0,10
158327021,10,0,0,0,0,10
289248028,10,0,0,0,0,10
159050655,0,0,10,0,0,10
63121350,0,0,10,0,0,10
157889693,10,0,0,0,0,10
258268252,0,0,10,0,0,10
289323050,0,0,10,0,0,10
121945389,10,0,0,0,0,10
121086025,1,0,9,0,0,9
122885398,0,0,10,0,0,10
7801392,0,0,0,0,10,10
164892093,0,0,10,0,0,10
157650606,0,0,10,0,0,10
351667682,10,0,0,0,0,10
121464566,0,0,10,0,0,10
158842305,10,0,0,0,0,10
289531685,0,0,10,0,0,10
237161548,10,0,0,0,0,10
122138354,10,0,0,0,0,10
164524544,0,0,3,0,7,7
123499121,0,0,10,0,0,10
336326542,0,0,10,0,0,10
159652943,0,0,10,0,0,10
7693939,0,0,10,0,0,10
157545634,0,0,10,0,0,10
47936780,0,0,3,0,7,7
336258561,0,0,0,0,10,10
121020683,0,0,1,0,9,9
158276570,0,0,0,0,10,10
237133701,0,0,10,0,0,10
164415564,0,0,10,0,0,10
158387865,1,0,0,0,9,9
158555868,10,0,0,0,0,10
7851959,0,0,10,0,0,10
121660890,9,0,1,0,0,9
405683747,0,0,10,0,0,10
158416443,10,0,0,0,0,10
390052980,0,0,10,0,0,10
48305037,6,0,4,0,0,6
7902034,0,0,10,0,0,10
230295916,0,0,0,0,10,10
121660905,10,0,0,0,0,10
120627147,0,0,0,0,10,10
157952500,0,0,10,0,0,10
123490100,10,0,0,0,0,10
164415635,0,0,10,0,0,10
279911834,0,0,0,0,10,10
157545252,0,0,10,0,0,10
7851718,10,0,0,0,0,10
48451718,0,0,10,0,0,10
279916080,0,0,10,0,0,10
289573273,0,0,10,0,0,10
159050162,0,0,10,0,0,10
298965036,10,0,0,0,0,10
120419420,0,0,10,0,0,10
399914819,1,0,9,0,0,9
164409599,10,0,0,0,0,10
158485009,0,0,10,0,0,10
399866400,0,0,10,0,0,10
390052505,10,0,0,0,0,10
122884992,10,0,0,0,0,10
159216379,10,0,0,0,0,10
357719184,0,0,10,0,0,10
122294246,0,0,6,0,4,6
123228503,5,0,4,0,1,5
7902453,0,0,10,0,0,10
123315692,0,0,10,0,0,10
48188899,0,0,10,0,0,10
7718097,10,0,0,0,0,10
158727767,10,0,0,0,0,10
123492299,0,0,0,0,10,10
123550840,0,0,10,0,0,10
237186877,10,0,0,0,0,10
399826407,10,0,0,0,0,10
120257250,0,0,0,0,10,10
122597212,0,0,0,0,10,10
237193017,0,0,0,0,10,10
352009446,0,0,0,0,10,10
158108559,0,0,0,0,10,10
120422998,10,0,0,0,0,10
350815146,0,0,10,0,0,10
48503275,0,0,10,0,0,10
121015760,0,0,10,0,0,10
123205883,10,0,0,0,0,10
121460144,0,0,0,0,10,10
63004685,0,0,0,0,10,10
123317978,0,0,10,0,0,10
399914818,10,0,0,0,0,10
158427997,0,0,10,0,0,10
122597418,0,0,10,0,0,10
63004329,10,0,0,0,0,10
158393622,3,0,0,0,7,7
7676980,0,0,10,0,0,10
157800667,10,0,0,0,0,10
7900432,0,0,0,0,10,10
47822054,0,0,0,0,10,10
157806789,0,0,0,0,10,10
383722040,10,0,0,0,0,10
158490955,0,0,10,0,0,10
122443967,0,0,10,0,0,10
121660904,10,0,0,0,0,10
164416580,0,0,10,0,0,10
120683427,10,0,0,0,0,10
48505755,10,0,0,0,0,10
164455254,0,0,10,0,0,10
357793163,10,0,0,0,0,10
123313014,0,0,0,0,10,10
159169838,10,0,0,0,0,10
158416520,10,0,0,0,0,10
158664134,0,0,0,0,10,10
399793817,0,0,10,0,0,10
158417293,0,0,3,0,7,7
1716845644,10,0,0,0,0,10
122957621,0,0,10,0,0,10
288753967,0,0,0,0,10,10
158278492,0,0,10,0,0,10
159573299,10,0,0,0,0,10
390061199,10,0,0,0,0,10
289461906,0,0,10,0,0,10
399866788,0,0,10,0,0,10
122597845,0,0,10,0,0,10
158926326,0,0,10,0,0,10
230282500,10,0,0,0,0,10
123444706,10,0,0,0,0,10
159716484,0,0,10,0,0,10
159098731,0,0,10,0,0,10
159106975,10,0,0,0,0,10
298894286,0,0,10,0,0,10
123361934,0,0,0,0,10,10
121796263,0,0,10,0,0,10
123495216,0,0,10,0,0,10
121108220,0,0,0,0,10,10
158631290,0,0,2,0,8,8
288755541,0,0,10,0,0,10
299033120,0,0,10,0,0,10
164526844,0,0,10,0,0,10
123357376,0,0,10,0,0,10
123499454,4,0,2,0,4,4
120686652,10,0,0,0,0,10
122069555,0,0,10,0,0,10
159105428,0,0,5,0,5,5
237190586,0,0,0,0,10,10
351767857,0,0,10,0,0,10
120319448,0,0,0,0,10,10
158113583,10,0,0,0,0,10
159522785,0,0,7,0,3,7
122070879,5,0,0,0,5,5
164415805,0,0,0,0,10,10
137755186,0,0,10,0,0,10
121112251,10,0,0,0,0,10
399860455,10,0,0,0,0,10
288754367,10,0,0,0,0,10
357723858,0,0,10,0,0,10
164411305,10,0,0,0,0,10
383750347,0,0,0,0,10,10
122139730,10,0,0,0,0,10
121598581,10,0,0,0,0,10
159102488,0,0,0,0,10,10
159522276,0,0,0,0,10,10
123316509,10,0,0,0,0,10
159104539,0,0,10,0,0,10
122603455,10,0,0,0,0,10
336409379,10,0,0,0,0,10
157589677,0,0,10,0,0,10
158839384,0,0,8,0,2,8
158844163,10,0,0,0,0,10
158721972,0,0,10,0,0,10
48305488,10,0,0,0,0,10
157851620,10,0,0,0,0,10
158220065,0,0,10,0,0,10
157647700,0,0,0,0,10,10
164646288,10,0,0,0,0,10
399867402,0,0,4,0,6,6
164784851,0,0,10,0,0,10
159308143,0,0,0,0,10,10
121015523,0,0,0,0,10,10
159448592,10,0,0,0,0,10
158491748,0,0,10,0,0,10
157798931,10,0,0,0,0,10
159377590,0,0,10,0,0,10
237125674,0,0,10,0,0,10
230290078,0,0,10,0,0,10
159576773,0,0,10,0,0,10
164782875,0,0,1,0,9,9
120960878,0,0,0,0,10,10
121731381,0,0,10,0,0,10
121945001,9,0,0,1,0,9
121604042,10,0,0,0,0,10
158393165,10,0,0,0,0,10
48139422,10,0,0,0,0,10
121216458,10,0,0,0,0,10
336325670,10,0,0,0,0,10
120253842,10,0,0,0,0,10
120355060,10,0,0,0,0,10
289527203,10,0,0,0,0,10
336403131,10,0,0,0,0,10
120106742,0,0,10,0,0,10
123355845,0,0,0,0,10,10
164556504,0,0,0,0,10,10
158111193,0,0,0,0,10,10
137341558,0,0,0,0,10,10
123234364,0,0,10,0,0,10
158726422,10,0,0,0,0,10
158842454,0,0,1,0,9,9
121597593,0,0,0,0,10,10
357791813,10,0,0,0,0,10
120499492,0,0,0,0,10,10
352015012,2,0,4,0,4,4
122885971,10,0,0,0,0,10
158485030,0,0,10,0,0,10
159049236,8,0,2,0,0,8
121734812,0,0,0,0,10,10
390207781,10,0,0,0,0,10
158272057,10,0,0,0,0,10
121940524,0,0,0,0,10,10
122598270,0,0,10,0,0,10
158990522,0,0,0,0,10,10
122070670,0,0,10,0,0,10
121788679,0,0,10,0,0,10
121014808,10,0,0,0,0,10
120628771,0,0,10,0,0,10
164728913,0,0,10,0,0,10
120497742,0,0,0,0,10,10
159767154,0,0,0,0,10,10
298966286,0,0,10,0,0,10
158390608,0,0,10,0,0,10
121548197,1,0,8,0,1,8
123009277,0,0,0,0,10,10
7902658,10,0,0,0,0,10
120173355,3,0,0,0,7,7
159766314,5,0,5,0,0,5
122601229,0,0,0,0,10,10
158631649,10,0,0,0,0,10
121598913,0,0,10,0,0,10
164881765,0,0,0,0,10,10
121216572,0,0,10,0,0,10
123490733,0,0,10,0,0,10
48132475,0,0,10,0,0,10
336211248,10,0,0,0,0,10
137555790,0,0,0,0,10,10
1882444915,1,0,2,0,7,7
120355028,10,0,0,0,0,10
230291518,10,0,0,0,0,10
120426208,0,0,10,0,0,10
230282288,10,0,0,0,0,10
351765702,0,0,0,0,10,10
164727635,0,0,10,0,0,10
158560879,0,0,0,0,10,10
48219049,0,0,10,0,0,10
298893197,0,0,0,0,10,10
121331692,0,0,10,0,0,10
48303903,0,0,10,0,0,10
336132744,0,0,10,0,0,10
350812962,10,0,0,0,0,10
399952960,0,0,10,0,0,10
158918135,0,0,10,0,0,10
157854713,0,0,10,0,0,10
137089188,0,0,10,0,0,10
122952168,0,0,9,0,1,9
288882898,0,0,0,0,10,10
159445566,0,0,0,0,10,10
399826900,10,0,0,0,0,10
122712080,0,0,10,0,0,10
351802908,0,0,10,0,0,10
122790889,0,0,0,0,10,10
158789515,10,0,0,0,0,10
237159016,0,0,0,0,10,10
121941681,0,0,10,0,0,10
7897594,0,0,10,0,0,10
157582984,0,0,0,0,10,10
159102749,0,0,1,0,9,9
164559688,0,0,0,0,10,10
122712115,0,0,0,0,10,10
123317046,0,0,10,0,0,10
158560856,0,0,10,0,0,10
336320587,0,0,0,0,10,10
1550348705,10,0,0,0,0,10
158923950,10,0,0,0,0,10
123206403,0,0,10,0,0,10
357795454,0,0,0,0,10,10
164675441,1,0,0,0,9,9
158169636,0,0,10,0,0,10
159175360,0,0,10,0,0,10
120576809,0,0,10,0,0,10
288642589,0,0,0,0,10,10
123317998,0,0,9,0,1,9
123230976,10,0,0,0,0,10
289457231,0,0,10,0,0,10
158730052,0,0,0,0,10,10
122064924,0,0,10,0,0,10
137412636,0,0,10,0,0,10
123015709,0,0,0,0,10,10
230298859,1,0,0,0,9,9
158389967,0,0,0,0,10,10
159718972,0,0,10,0,0,10
279918048,10,0,0,0,0,10
399825257,0,0,0,0,10,10
230287762,0,0,10,0,0,10
137760734,0,0,10,0,0,10
120499528,0,0,0,0,10,10
122839464,0,0,10,0,0,10
120571994,0,0,10,0,0,10
137406912,0,0,10,0,0,10
512507062,0,0,0,0,10,10
121119711,10,0,0,0,0,10
390127803,0,0,0,0,10,10
289081373,0,0,10,0,0,10
122601307,10,0,0,0,0,10
48352262,0,0,2,0,8,8
158556044,0,0,10,0,0,10
1882281533,10,0,0,0,0,10
351765684,0,0,0,0,10,10
298837412,0,0,0,0,10,10
1716778623,6,0,4,0,0,6
158934436,0,0,0,0,10,10
157807967,10,0,0,0,0,10
289315544,10,0,0,0,0,10
336329367,0,0,10,0,0,10
157856380,0,0,0,0,10,10
258285988,10,0,0,0,0,10
383752744,5,0,0,0,5,5
121013845,0,0,10,0,0,10
1716922626,0,0,0,0,10,10
383719332,0,0,10,0,0,10
121107277,0,0,6,0,4,6
1717120596,0,0,0,0,10,10
120898281,0,0,10,0,0,10
230298027,0,0,6,0,4,6
123317322,0,0,10,0,0,10
123412230,0,0,0,0,10,10
164458418,0,0,10,0,0,10
289459478,0,0,0,0,10,10
159450141,0,0,10,0,0,10
336405638,10,0,0,0,0,10
158487278,0,0,10,0,0,10
48028035,10,0,0,0,0,10
158488477,8,0,0,2,0,8
120355394,0,0,9,0,1,9
399861859,0,0,10,0,0,10
332629969,0,0,0,0,10,10
357723123,0,0,0,0,10,10
157851833,10,0,0,0,0,10
120107518,0,0,0,0,10,10
158274663,0,0,10,0,0,10
137411280,10,0,0,0,0,10
164656492,10,0,0,0,0,10
48354210,0,0,3,0,7,7
158394974,0,0,10,0,0,10
159303395,0,0,10,0,0,10
158114742,0,0,0,0,10,10
157694727,8,0,2,0,0,8
123409736,0,0,0,0,10,10
164781716,0,0,1,0,9,9
351802641,10,0,0,0,0,10
352009983,10,0,0,0,0,10
288883062,10,0,0,0,0,10
158723391,0,0,10,0,0,10
158726194,0,0,10,0,0,10
7682608,10,0,0,0,0,10
164416021,0,0,10,0,0,10
351684349,0,0,10,0,0,10
289014606,0,0,0,0,10,10
158993194,0,0,0,0,10,10
137410999,0,0,0,0,10,10
121598926,0,0,10,0,0,10
164415151,10,0,0,0,0,10
336206268,10,0,0,0,0,10
7694129,0,0,10,0,0,10
121086114,0,0,10,0,0,10
122841052,0,0,10,0,0,10
390131135,0,0,10,0,0,10
383752762,4,0,0,0,6,6
120419015,0,0,10,0,0,10
159441100,10,0,0,0,0,10
120253621,0,0,10,0,0,10
48304182,10,0,0,0,0,10
288642635,0,0,10,0,0,10
164648274,6,0,0,0,4,6
258271262,10,0,0,0,0,10
122137925,0,0,10,0,0,10
159100811,0,0,10,0,0,10
351681575,0,0,0,0,10,10
121731973,10,0,0,0,0,10
120314700,0,0,10,0,0,10
352014794,0,0,10,0,0,10
157586494,0,0,0,0,10,10
399950617,0,0,10,0,0,10
7900497,0,0,0,0,10,10
383720580,0,0,10,0,0,10
47628340,0,0,10,0,0,10
47822308,1,0,0,0,9,9
159105666,10,0,0,0,0,10
47731593,0,0,10,0,0,10
120356844,10,0,0,0,0,10
390061194,10,0,0,0,0,10
63007067,10,0,0,0,0,10
159099359,0,0,0,0,10,10
137089813,0,0,10,0,0,10
159101081,0,0,0,0,10,10
164677817,1,0,7,2,0,7
120258258,10,0,0,0,0,10
158667347,0,0,0,0,10,10
122445750,0,0,0,0,10,10
289530503,0,0,0,0,10,10
288847529,10,0,0,0,0,10
120253218,0,0,0,0,10,10
123096963,10,0,0,0,0,10
158921559,0,0,0,0,10,10
159099264,0,0,0,0,10,10
164888852,10,0,0,0,0,10
122065208,0,0,10,0,0,10
123360288,10,0,0,0,0,10
158165947,0,0,0,0,10,10
336263204,0,0,0,0,10,10
121464832,10,0,0,0,0,10
158431889,10,0,0,0,0,10
289082001,9,0,1,0,0,9
7682596,10,0,0,0,0,10
120173380,3,0,0,0,7,7
158993174,0,0,10,0,0,10
351066935,0,0,0,0,10,10
289165829,10,0,0,0,0,10
157645332,0,0,10,0,0,10
121122016,10,0,0,0,0,10
159307726,10,0,0,0,0,10
237188844,0,0,10,0,0,10
230282153,0,0,10,0,0,10
123014780,0,0,10,0,0,10
390207101,0,0,10,0,0,10
230298284,10,0,0,0,0,10
137556564,8,0,2,0,0,8
157587592,0,0,10,0,0,10
123205899,10,0,0,0,0,10
158387035,0,0,10,0,0,10
158272742,10,0,0,0,0,10
121733905,0,0,10,0,0,10
243270757,0,0,0,0,10,10
399953274,0,0,0,0,10,10
351764106,10,0,0,0,0,10
123094636,0,0,10,0,0,10
158215523,0,0,0,0,10,10
157851426,0,0,10,0,0,10
164780393,0,0,10,0,0,10
137405375,0,0,0,0,10,10
121944931,10,0,0,0,0,10
122296978,0,0,0,0,10,10
123098621,0,0,10,0,0,10
164786938,0,0,10,0,0,10
164530003,0,0,3,0,7,7
158629582,0,0,10,0,0,10
164782267,1,0,0,0,9,9
157800894,0,1,9,0,0,9
350813851,10,0,0,0,0,10
237194167,10,0,0,0,0,10
121020886,0,0,10,0,0,10
137339696,0,0,0,0,10,10
137089476,10,0,0,0,0,10
159577849,0,0,10,0,0,10
164410859,3,0,7,0,0,7
230284722,0,0,0,0,10,10
159767129,0,0,10,0,0,10
351910775,1,0,8,0,1,8
121467034,0,0,1,0,9,9
279919701,1,0,0,0,9,9
120318068,10,0,0,0,0,10
159105713,0,0,0,0,10,10
123201406,10,0,0,0,0,10
390061183,10,0,0,0,0,10
122891836,0,0,10,0,0,10
164884124,0,0,10,0,0,10
1716146146,10,0,0,0,0,10
120251816,10,0,0,0,0,10
120899051,6,0,0,0,4,6
48507019,10,0,0,0,0,10
120818438,0,0,0,0,10,10
164555824,0,0,10,0,0,10
120626725,10,0,0,0,0,10
137089481,10,0,0,0,0,10
230281793,0,0,10,0,0,10
394174705,0,0,10,0,0,10
336404430,10,0,0,0,0,10
123099326,0,0,10,0,0,10
158417251,0,0,0,0,10,10
399952126,0,0,10,0,0,10
164730214,10,0,0,0,0,10
1717213067,10,0,0,0,0,10
416118876,10,0,0,0,0,10
121602578,0,0,10,0,0,10
289078328,0,0,0,0,10,10
298966010,10,0,0,0,0,10
405685883,2,0,0,8,0,8
123356990,10,0,0,0,0,10
159717385,0,0,10,0,0,10
159220329,10,0,0,0,0,10
158726789,0,0,6,0,4,6
158931145,10,0,0,0,0,10
399911554,3,0,0,7,0,7
279918206,10,0,0,0,0,10
158724028,0,0,10,0,0,10
298837393,0,0,0,0,10,10
158276780,0,0,10,0,0,10
158173361,6,0,1,0,3,6
313740416,0,0,0,0,10,10
122070901,10,0,0,0,0,10
120251866,10,0,0,0,0,10
390268475,10,0,0,0,0,10
383723731,0,0,10,0,0,10
121864950,0,0,1,0,9,9
159767208,0,0,0,0,10,10
137410446,0,0,0,0,10,10
159047957,0,0,10,0,0,10
159718521,0,0,0,0,10,10
123227661,0,0,10,0,0,10
157849578,0,0,10,0,0,10
399824701,10,0,0,0,0,10
121602682,0,0,10,0,0,10
121467018,0,0,6,0,4,6
159386705,10,0,0,0,0,10
164411289,10,0,0,0,0,10
120900625,0,0,0,0,10,10
351767984,0,0,10,0,0,10
121659830,0,0,0,0,10,10
157801379,10,0,0,0,0,10
157542977,10,0,0,0,0,10
267668381,0,0,0,0,10,10
288613945,10,0,0,0,0,10
158559230,0,0,0,0,10,10
390204608,10,0,0,0,0,10
164461137,10,0,0,0,0,10
158212609,0,0,0,0,10,10
158168408,0,0,10,0,0,10
121121622,10,0,0,0,0,10
288847643,10,0,0,0,0,10
157896123,0,0,10,0,0,10
159099395,0,0,0,0,10,10
1716807544,0,0,10,0,0,10
351680104,0,0,0,0,10,10
416118882,10,0,0,0,0,10
158274384,0,0,0,0,10,10
157851395,0,0,0,0,10,10
123043834,0,0,10,0,0,10
230298827,0,0,0,0,10,10
123014200,10,0,0,0,0,10
121785613,0,0,0,0,10,10
159050047,10,0,0,0,0,10
164782264,1,0,0,0,9,9
123096977,0,0,0,0,10,10
289455879,0,0,10,0,0,10
122301862,10,0,0,0,0,10
137557778,0,0,0,0,10,10
122601402,0,0,0,0,10,10
157888494,0,0,0,0,10,10
164728932,0,0,10,0,0,10
158269587,0,0,9,0,1,9
159104136,0,0,0,0,10,10
121462194,0,0,0,0,10,10
48355207,10,0,0,0,0,10
158631062,0,0,10,0,0,10
237185204,0,0,0,0,10,10
158491049,0,0,10,0,0,10
159767048,0,0,10,0,0,10
1716386761,0,0,0,0,10,10
399866418,0,0,10,0,0,10
123232361,10,0,0,0,0,10
289168354,10,0,0,0,0,10
158633465,0,0,10,0,0,10
157852262,10,0,0,0,0,10
405685992,10,0,0,0,0,10
157588911,0,0,10,0,0,10
288849514,10,0,0,0,0,10
357793125,0,0,0,0,10,10
1716020176,10,0,0,0,0,10
158921487,0,0,0,0,10,10
399867303,0,0,10,0,0,10
48450179,0,0,10,0,0,10
164781045,10,0,0,0,0,10
237186383,0,0,10,0,0,10
279914791,2,0,0,0,8,8
157689556,0,0,10,0,0,10
120251815,10,0,0,0,0,10
122595812,10,0,0,0,0,10
399953280,0,0,0,0,10,10
159448921,10,0,0,0,0,10
121460097,0,0,0,0,10,10
121330100,10,0,0,0,0,10
289317288,10,0,0,0,0,10
48304196,10,0,0,0,0,10
230294922,0,0,0,0,10,10
289456142,0,0,10,0,0,10
159440973,10,0,0,0,0,10
137556754,0,0,0,0,10,10
159310986,0,0,0,0,10,10
383750213,10,0,0,0,0,10
121729977,10,0,0,0,0,10
332629898,0,0,0,0,10,10
120419001,0,0,10,0,0,10
123315900,10,0,0,0,0,10
159217617,0,0,10,0,0,10
399825702,0,0,10,0,0,10
47673438,10,0,0,0,0,10
157949729,10,0,0,0,0,10
120764870,0,0,1,9,0,9
123414312,0,0,10,0,0,10
336263676,10,0,0,0,0,10
122710489,10,0,0,0,0,10
122293597,10,0,0,0,0,10
1716520502,0,0,10,0,0,10
123124514,0,0,10,0,0,10
237125642,0,0,10,0,0,10
289372524,0,0,0,0,10,10
158634550,10,0,0,0,0,10
164559713,0,0,0,0,10,10
336208039,0,0,9,0,1,9
120182879,0,0,10,0,0,10
157894050,10,0,0,0,0,10
352014122,0,0,10,0,0,10
121014778,10,0,0,0,0,10
121864685,0,0,1,0,9,9
137557829,0,0,10,0,0,10
121866046,0,0,10,0,0,10
164413746,0,0,10,0,0,10
352015041,0,0,10,0,0,10
336325252,0,0,0,0,10,10
122832592,0,0,0,0,10,10
122296142,0,0,2,0,8,8
158725973,0,0,0,0,10,10
157955104,10,0,0,0,0,10
123206348,0,0,10,0,0,10
164781068,10,0,0,0,0,10
405689081,0,0,0,0,10,10
336125259,10,0,0,0,0,10
123204685,0,0,10,0,0,10
288882007,10,0,0,0,0,10
336406154,0,0,10,0,0,10
267577588,10,0,0,0,0,10
289014157,10,0,0,0,0,10
47977814,10,0,0,0,0,10
1716478864,10,0,0,0,0,10
158662998,0,0,0,0,10,10
1716523400,0,0,10,0,0,10
123016263,10,0,0,0,0,10
1715683215,0,0,10,0,0,10
121598450,10,0,0,0,0,10
164883253,0,0,0,0,10,10
289531647,0,0,10,0,0,10
230298031,10,0,0,0,0,10
158324245,10,0,0,0,0,10
120416900,0,0,10,0,0,10
159309997,0,0,0,0,10,10
164886009,3,0,7,0,0,7
63004517,0,0,10,0,0,10
48450532,10,0,0,0,0,10
158274419,0,0,0,0,10,10
258203726,0,0,10,0,0,10
158726048,0,0,2,0,8,8
7902980,0,0,10,0,0,10
158921257,0,0,10,0,0,10
157949537,0,0,0,0,10,10
390203843,3,0,0,0,7,7
120314300,3,0,4,0,3,4
157806373,0,0,0,0,10,10
121602373,0,0,10,0,0,10
158556004,10,0,0,0,0,10
157589400,0,0,10,0,0,10
159768102,0,0,10,0,0,10
7902438,0,0,10,0,0,10
121085353,0,0,10,0,0,10
1550944373,0,0,10,0,0,10
157651344,0,0,0,0,10,10
123014693,0,0,7,0,3,7
289245265,0,0,10,0,0,10
137411296,10,0,0,0,0,10
63004482,0,0,10,0,0,10
336326905,0,0,7,0,3,7
121945314,0,0,0,0,10,10
158560917,0,0,0,0,10,10
158721969,0,0,10,0,0,10
121945393,10,0,0,0,0,10
336074883,0,0,10,0,0,10
351769232,0,0,10,0,0,10
336130397,0,0,0,0,10,10
158215522,0,0,0,0,10,10
123492317,0,0,0,0,10,10
383750384,10,0,0,0,0,10
164827620,0,0,10,0,0,10
157591357,0,0,10,0,0,10
164882636,10,0,0,0,0,10
159718264,0,0,9,0,1,9
416103805,0,0,5,0,5,5
63006002,0,0,2,0,8,8
424435940,10,0,0,0,0,10
123233041,10,0,0,0,0,10
48092160,10,0,0,0,0,10
164654139,0,0,0,0,10,10
164658619,10,0,0,0,0,10
390206480,10,0,0,0,0,10
123452915,0,0,10,0,0,10
123412256,0,0,0,0,10,10
157648357,10,0,0,0,0,10
157651334,4,0,0,0,6,6
121328893,10,0,0,0,0,10
1716376874,0,0,10,0,0,10
21224771,0,0,9,1,0,9
357720886,10,0,0,0,0,10
121605304,0,0,10,0,0,10
158429218,10,0,0,0,0,10
164655523,0,0,10,0,0,10
336204629,10,0,0,0,0,10
164416067,0,0,10,0,0,10
351803295,0,0,10,0,0,10
237194601,0,0,10,0,0,10
137089310,0,0,10,0,0,10
137211673,0,0,10,0,0,10
120355004,10,0,0,0,0,10
158494904,0,0,10,0,0,10
157644545,10,0,0,0,0,10
157948102,10,0,0,0,0,10
7799830,10,0,0,0,0,10
159442367,10,0,0,0,0,10
157768421,0,0,10,0,0,10
288849188,0,0,10,0,0,10
351685529,0,0,10,0,0,10
158213509,0,0,9,0,1,9
336072485,6,0,4,0,0,6
157647659,10,0,0,0,0,10
123094569,0,0,0,0,10,10
158833688,0,0,3,0,7,7
159652956,0,0,10,0,0,10
157548476,0,0,10,0,0,10
399826896,10,0,0,0,0,10
158217346,0,0,10,0,0,10
7718139,0,0,10,0,0,10
157692581,0,0,10,0,0,10
123009274,0,0,0,0,10,10
121598562,10,0,0,0,0,10
123124826,10,0,0,0,0,10
120685163,10,0,0,0,0,10
48452007,0,0,0,0,10,10
399951496,0,0,10,0,0,10
7773545,0,0,0,0,10,10
137754247,0,0,0,0,10,10
158658631,10,0,0,0,0,10
159219643,10,0,0,0,0,10
289316775,9,0,1,0,0,9
336204606,0,0,0,0,10,10
158394773,0,0,0,0,10,10
137411231,10,0,0,0,0,10
123494120,0,0,10,0,0,10
237186971,10,0,0,0,0,10
122707747,10,0,0,0,0,10
123496578,10,0,0,0,0,10
336129072,10,0,0,0,0,10
164892194,10,0,0,0,0,10
157695374,10,0,0,0,0,10
157800307,0,0,10,0,0,10
230282010,10,0,0,0,0,10
121658501,0,0,10,0,0,10
1716231764,10,0,0,0,0,10
159306312,0,0,10,0,0,10
122441510,0,0,3,0,7,7
1716743038,0,0,0,0,10,10
120687883,10,0,0,0,0,10
357717298,0,0,2,0,8,8
158321185,8,0,2,0,0,8
164728885,0,0,10,0,0,10
357850402,10,0,0,0,0,10
157690992,0,0,10,0,0,10
121866049,1,1,6,0,2,6
313740418,0,0,0,0,10,10
137555053,8,0,2,0,0,8
123357395,0,0,10,0,0,10
137090924,10,0,0,0,0,10
121015200,0,0,0,0,10,10
121605249,0,0,0,0,10,10
237159913,0,0,0,0,10,10
159307098,0,0,10,0,0,10
121014780,10,0,0,0,0,10
123009787,0,0,10,0,0,10
157799717,9,0,1,0,0,9
279918064,0,0,10,0,0,10
298785295,0,0,0,0,10,10
164558688,0,0,0,0,10,10
158274321,0,0,10,0,0,10
137339963,0,0,0,0,10,10
164527785,10,0,0,0,0,10
159180333,0,0,10,0,0,10
120044958,0,0,1,0,9,9
164655899,0,0,10,0,0,10
158843758,10,0,0,0,0,10
336124208,10,0,0,0,0,10
157590685,0,0,10,0,0,10
123206402,0,0,10,0,0,10
399867559,0,0,8,0,2,8
121599369,10,0,0,0,0,10
164832297,0,0,0,0,10,10
121120442,0,0,0,0,10,10
121333142,0,0,10,0,0,10
336074879,0,0,5,0,5,5
164654307,0,0,10,0,0,10
159576680,0,0,10,0,0,10
164464425,10,0,0,0,0,10
123038007,0,0,0,0,10,10
158111411,10,0,0,0,0,10
123042744,10,0,0,0,0,10
120426180,0,0,10,0,0,10
7694294,0,0,7,0,3,7
123498672,0,0,0,0,10,10
121085386,0,0,10,0,0,10
123201395,10,0,0,0,0,10
351072720,0,0,10,0,0,10
122707983,10,0,0,0,0,10
158722718,10,0,0,0,0,10
164778301,0,0,5,0,5,5
377780437,0,0,10,0,0,10
137556691,10,0,0,0,0,10
336132849,0,0,10,0,0,10
158318299,0,0,10,0,0,10
159311119,0,0,10,0,0,10
121107321,0,0,0,0,10,10
230286523,10,0,0,0,0,10
357853004,0,0,0,0,10,10
164675380,5,0,0,5,0,5
289458731,0,0,10,0,0,10
158659698,0,0,0,0,10,10
159447493,0,0,0,0,10,10
164887356,0,0,10,0,0,10
157806814,0,0,10,0,0,10
258269005,0,0,0,0,10,10
157853745,0,0,10,0,0,10
121466510,0,0,0,0,10,10
158487682,0,0,0,0,10,10
123091308,10,0,0,0,0,10
121658028,0,0,10,0,0,10
237161237,10,0,0,0,0,10
164888493,10,0,0,0,0,10
164654552,0,0,1,0,9,9
351910805,0,0,10,0,0,10
336129981,10,0,0,0,0,10
158791981,0,0,7,0,3,7
158427929,0,0,10,0,0,10
158730053,0,0,0,0,10,10
48084390,10,0,0,0,0,10
350988670,10,0,0,0,0,10
158389991,0,0,0,0,10,10
298836561,0,0,10,0,0,10
164888983,0,0,0,0,10,10
63006675,10,0,0,0,0,10
390131669,0,0,10,0,0,10
279919473,0,0,10,0,0,10
351682760,0,0,5,0,5,5
267668379,0,0,0,0,10,10
120683441,0,0,0,0,10,10
137629316,1,0,6,0,3,6
123360078,0,0,10,0,0,10
164554097,10,0,0,0,0,10
47673143,0,0,10,0,0,10
159047323,0,0,10,0,0,10
137627360,0,0,10,0,0,10
123200152,0,0,0,0,10,10
289379122,10,0,0,0,0,10
267570370,0,0,0,0,10,10
336075706,0,0,10,0,0,10
351910917,10,0,0,0,0,10
1550842282,0,0,0,0,10,10
158730023,0,0,0,0,10,10
123414877,0,0,10,0,0,10
399912515,0,0,10,0,0,10
48449309,10,0,0,0,0,10
157848233,0,0,0,0,10,10
158792755,0,0,10,0,0,10
121793321,0,0,10,0,0,10
289370875,10,0,0,0,0,10
405716792,1,0,0,0,9,9
159451641,0,0,0,0,10,10
289530395,10,0,0,0,0,10
122296678,0,0,0,0,10,10
351764349,10,0,0,0,0,10
47673525,0,0,10,0,0,10
158386752,2,0,8,0,0,8
48505237,1,0,9,0,0,9
123012770,10,0,0,0,0,10
121016578,10,0,0,0,0,10
159308037,10,0,0,0,0,10
164887894,0,0,0,0,10,10
390270554,10,0,0,0,0,10
158922248,10,0,0,0,0,10
164674216,0,0,10,0,0,10
123126295,10,0,0,0,0,10
159717574,0,0,10,0,0,10
123315761,0,0,0,0,10,10
164727626,0,0,10,0,0,10
123228528,0,0,10,0,0,10
121864254,0,0,0,0,10,10
121598895,0,0,0,0,10,10
159717668,0,0,0,0,10,10
123357676,0,0,10,0,0,10
158556315,0,0,10,0,0,10
352008214,0,0,10,0,0,10
121463311,10,0,0,0,0,10
159448871,0,0,0,0,10,10
158936153,0,0,10,0,0,10
289454867,0,0,0,0,10,10
123444697,10,0,0,0,0,10
357851007,10,0,0,0,0,10
157649276,0,0,1,0,9,9
157650079,10,0,0,0,0,10
405716780,1,0,0,0,9,9
157548321,4,0,1,5,0,5
120253052,0,0,10,0,0,10
137411725,10,0,0,0,0,10
164527214,8,0,2,0,0,8
258268995,0,0,0,0,10,10
158559272,0,0,10,0,0,10
120355402,0,0,10,0,0,10
1716158418,0,0,0,0,10,10
157853804,0,0,10,0,0,10
159768419,0,0,10,0,0,10
121459879,10,0,0,0,0,10
159650908,0,0,0,0,10,10
158493541,0,0,10,0,0,10
158560021,10,0,0,0,0,10
258270268,10,0,0,0,0,10
123096945,10,0,0,0,0,10
121215326,0,0,10,0,0,10
289325505,10,0,0,0,0,10
289370890,1,0,0,0,9,9
289316296,9,0,1,0,0,9
122136460,0,0,10,0,0,10
158795008,10,0,0,0,0,10
230281755,10,0,0,0,0,10
158112244,0,0,6,0,4,6
137339742,0,0,0,0,10,10
7718560,0,0,10,0,0,10
158421663,0,0,0,0,10,10
123008238,0,0,7,0,3,7
122071108,0,0,3,0,7,7
120626764,10,0,0,0,0,10
48084382,10,0,0,0,0,10
137214162,0,0,0,0,10,10
336404884,0,0,10,0,0,10
121734886,10,0,0,0,0,10
289529944,10,0,0,0,0,10
48506689,0,0,10,0,0,10
164884058,0,0,10,0,0,10
158490710,0,0,0,0,10,10
157648998,0,0,10,0,0,10
123362442,10,0,0,0,0,10
164782279,0,0,0,0,10,10
298966021,10,0,0,0,0,10
137214195,0,0,0,0,10,10
383721009,0,0,0,0,10,10
158924637,0,0,10,0,0,10
121274086,0,0,10,0,0,10
7898907,0,0,6,0,4,6
399866405,0,0,10,0,0,10
158320230,10,0,0,0,0,10
158633855,0,0,0,0,10,10
279916085,0,0,10,0,0,10
159099232,0,0,0,0,10,10
122841139,0,0,10,0,0,10
332629872,0,0,0,0,10,10
47629207,10,0,0,0,0,10
159652665,0,0,10,0,0,10
159448640,0,0,10,0,0,10
350990685,0,0,9,0,1,9
120689895,10,0,0,0,0,10
123131026,10,0,0,0,0,10
123357793,0,0,10,0,0,10
123411339,0,0,10,0,0,10
159179660,10,0,0,0,0,10
137555691,0,0,0,0,10,10
164677239,10,0,0,0,0,10
120256723,10,0,0,0,0,10
159097740,1,0,3,0,6,6
351667712,10,0,0,0,0,10
159576707,0,0,0,0,10,10
121733879,0,0,0,0,10,10
351767155,0,0,10,0,0,10
121273380,10,0,0,0,0,10
158923531,0,0,0,0,10,10
164727656,10,0,0,0,0,10
123038015,0,0,0,0,10,10
336206052,0,0,10,0,0,10
289167286,0,0,10,0,0,10
159440931,10,0,0,0,0,10
120960612,10,0,0,0,0,10
123359687,0,0,10,0,0,10
164784457,10,0,0,0,0,10
122706101,10,0,0,0,0,10
120258591,0,0,10,0,0,10
158630297,0,0,10,0,0,10
121944987,0,0,9,1,0,9
164524541,0,0,3,0,7,7
123450313,0,0,10,0,0,10
289083537,0,0,0,0,10,10
123094157,0,0,9,0,1,9
120499901,10,0,0,0,0,10
263933849,0,0,10,0,0,10
164674926,0,0,10,0,0,10
289370995,10,0,0,0,0,10
279916092,0,0,10,0,0,10
258270250,10,0,0,0,0,10
121601961,9,0,1,0,0,9
120106928,0,0,10,0,0,10
289378998,0,0,10,0,0,10
121275473,0,0,0,0,10,10
123227938,0,0,10,0,0,10
121943771,10,0,0,0,0,10
122887289,0,0,10,0,0,10
158924903,0,0,0,0,10,10
137090953,10,0,0,0,0,10
164730163,0,0,0,0,10,10
121458380,0,0,0,0,10,10
158427973,0,0,10,0,0,10
122069705,0,0,10,0,0,10
137090443,1,0,0,0,9,9
123129089,10,0,0,0,0,10
289461915,0,0,10,0,0,10
289017351,0,0,10,0,0,10
357791415,0,0,10,0,0,10
158385608,2,0,8,0,0,8
159307770,10,0,0,0,0,10
121793501,10,0,0,0,0,10
157648133,0,0,0,0,10,10
158175638,10,0,0,0,0,10
336406805,0,0,10,0,0,10
123038002,0,0,0,0,10,10
120252348,0,0,0,0,10,10
158216590,0,0,0,10,0,10
121217086,0,0,10,0,0,10
159305377,0,0,10,0,0,10
123498579,0,0,10,0,0,10
48451095,0,0,10,0,0,10
357791084,0,0,0,0,10,10
122949606,0,0,0,0,10,10
158554782,10,0,0,0,0,10
48189127,0,0,0,0,10,10
288882675,0,0,10,0,0,10
121111482,0,0,10,0,0,10
158556023,0,0,10,0,0,10
336125964,0,0,0,0,10,10
122710483,10,0,0,0,0,10
164530762,0,0,10,0,0,10
158554809,10,0,0,0,0,10
159097708,3,0,0,0,7,7
120046344,0,0,10,0,0,10
63005283,0,0,10,0,0,10
158115155,0,0,0,0,10,10
164409027,10,0,0,0,0,10
120315494,0,0,0,0,10,10
47521700,0,0,0,0,10,10
159445562,0,0,10,0,0,10
158934787,0,0,10,0,0,10
357722626,0,0,10,0,0,10
137211468,0,0,2,0,8,8
158210941,10,0,0,0,0,10
157764329,10,0,0,0,0,10
164461491,0,0,10,0,0,10
399913884,0,0,0,0,10,10
159440419,0,0,10,0,0,10
158169642,0,0,10,0,0,10
137341192,0,0,10,0,0,10
121946351,0,0,0,0,10,10
158634746,0,0,0,0,10,10
159308032,10,0,0,0,0,10
48091204,0,0,10,0,0,10
351683674,0,0,0,0,10,10
120317176,0,0,10,0,0,10
164558072,10,0,0,0,0,10
48216996,10,0,0,0,0,10
267570442,0,0,0,0,10,10
237186981,10,0,0,0,0,10
121327303,0,0,0,0,10,10
120107983,0,0,10,0,0,10
157949560,0,0,0,0,10,10
164778374,10,0,0,0,0,10
122709438,0,0,10,0,0,10
121463057,0,0,10,0,0,10
120250921,10,0,0,0,0,10
137555794,0,0,0,0,10,10
159577110,0,0,10,0,0,10
158844126,10,0,0,0,0,10
267570904,0,0,10,0,0,10
394174363,10,0,0,0,0,10
123042767,0,0,10,0,0,10
350813108,0,0,0,0,10,10
121604356,0,0,10,0,0,10
336408776,0,0,0,0,10,10
158171133,10,0,0,0,0,10
357717296,0,0,3,0,7,7
1550476103,0,0,10,0,0,10
351764129,10,0,0,0,0,10
159180123,4,0,0,6,0,6
122708382,10,0,0,0,0,10
159307407,0,0,10,0,0,10
158276040,0,0,2,8,0,8
123040397,10,0,0,0,0,10
158491752,0,0,10,0,0,10
120042572,0,0,0,0,10,10
122443375,0,0,10,0,0,10
122069181,0,0,10,0,0,10
123495874,10,0,0,0,0,10
157852579,8,0,2,0,0,8
164658637,10,0,0,0,0,10
123364153,0,0,10,0,0,10
336131945,0,0,0,0,10,10
158492129,0,0,1,0,9,9
230286254,0,0,0,0,10,10
351071127,10,0,0,0,0,10
159308503,0,0,10,0,0,10
158487874,0,0,10,0,0,10
350988913,0,0,10,0,0,10
1715685635,0,0,10,0,0,10
7857507,0,0,10,0,0,10
351069762,0,0,10,0,0,10
357719999,10,0,0,0,0,10
7896600,0,0,0,0,10,10
164415700,0,0,1,0,9,9
164891447,0,0,10,0,0,10
158422741,0,0,0,0,10,10
298837292,0,0,0,0,10,10
159171259,0,0,10,0,0,10
122136713,0,0,0,0,10,10
157761713,0,0,10,0,0,10
157764806,0,0,0,0,10,10
120319553,0,0,9,0,1,9
1717079066,10,0,0,0,0,10
121393780,10,0,0,0,0,10
137341569,0,0,0,0,10,10
237190508,0,0,10,0,0,10
164456210,10,0,0,0,0,10
289457189,7,0,3,0,0,7
137341690,0,0,10,0,0,10
48303277,1,0,8,0,1,8
159169831,10,0,0,0,0,10
159577644,0,0,10,0,0,10
120256420,10,0,0,0,0,10
267668489,10,0,0,0,0,10
157692544,0,0,10,0,0,10
383750203,10,0,0,0,0,10
120972450,0,0,10,0,0,10
336210872,0,0,10,0,0,10
164834366,0,0,10,0,0,10
120961091,0,0,0,0,10,10
121658451,0,0,10,0,0,10
390132310,10,0,0,0,0,10
377726722,0,0,0,0,10,10
48031140,0,0,0,0,10,10
390201238,0,0,0,0,10,10
121014072,2,0,6,2,0,6
350814980,0,0,10,0,0,10
137753938,10,0,0,0,0,10
158664814,8,0,2,0,0,8
164727468,0,0,10,0,0,10
159576755,0,0,7,0,3,7
121787999,0,0,10,0,0,10
158724800,0,0,10,0,0,10
243270890,10,0,0,0,0,10
289458124,1,0,0,0,9,9
48420992,0,0,10,0,0,10
121866686,0,0,10,0,0,10
159575439,1,0,6,0,3,6
120899667,10,0,0,0,0,10
237160283,0,0,8,0,2,8
258204238,0,0,10,0,0,10
120423013,10,0,0,0,0,10
230285984,0,0,10,0,0,10
120689840,10,0,0,0,0,10
121603808,0,0,0,0,10,10
405683293,0,0,10,0,0,10
121458619,0,0,10,0,0,10
159717665,0,0,10,0,0,10
121785009,0,0,10,0,0,10
164835703,3,1,5,0,1,5
157692409,0,0,10,0,0,10
7897552,0,0,10,0,0,10
399953248,2,0,7,0,1,7
158625650,0,0,10,0,0,10
279915782,6,0,4,0,0,6
357723127,10,0,0,0,0,10
159442355,10,0,0,0,0,10
123314256,0,0,0,0,10,10
159218214,0,0,10,0,0,10
258350125,0,0,8,0,2,8
158628458,0,0,0,0,10,10
121466248,0,0,0,0,10,10
158840964,2,0,0,0,8,8
1882367903,0,0,10,0,0,10
336131956,0,0,1,0,9,9
405687343,3,0,7,0,0,7
289016930,0,0,10,0,0,10
137754532,0,0,0,0,10,10
394174674,0,0,10,0,0,10
336406119,0,0,9,0,1,9
159105421,0,0,4,0,6,6
157648402,10,0,0,0,0,10
164653031,0,0,0,0,10,10
7856000,9,0,0,0,1,9
47731472,0,0,10,0,0,10
121112258,10,0,0,0,0,10
120764268,0,0,10,0,0,10
424436282,0,0,10,0,0,10
157765173,0,0,10,0,0,10
158661317,0,0,0,0,10,10
390207981,0,0,0,0,10,10
289460025,0,0,10,0,0,10
289573038,0,0,10,0,0,10
137090476,0,0,0,0,10,10
123416120,0,0,0,0,10,10
121796164,0,0,10,0,0,10
164644375,0,0,2,0,8,8
158276557,0,0,0,0,10,10
390268466,10,0,0,0,0,10
230298837,0,0,0,0,10,10
159308584,10,0,0,0,0,10
289012161,10,0,0,0,0,10
394174683,0,0,10,0,0,10
298835787,0,0,0,0,10,10
63007500,0,0,10,0,0,10
123449345,0,0,10,0,0,10
123496572,10,0,0,0,0,10
123492200,0,0,7,0,3,7
122067039,0,0,0,0,10,10
164415132,10,0,0,0,0,10
164656476,10,0,0,0,0,10
243272324,10,0,0,0,0,10
121331633,0,0,1,0,9,9
159102503,0,0,0,0,10,10
258348936,0,0,10,0,0,10
237158547,10,0,0,0,0,10
120182610,0,0,10,0,0,10
159097856,0,0,0,10,0,10
237188830,10,0,0,0,0,10
123042763,10,0,0,0,0,10
159387771,0,0,0,0,10,10
159045179,0,0,0,0,10,10
158625549,10,0,0,0,0,10
157647623,9,0,1,0,0,9
121461887,10,0,0,0,0,10
137410952,0,0,0,0,10,10
159768092,0,0,10,0,0,10
1550944376,0,0,10,0,0,10
120043350,0,0,10,0,0,10
7621578,0,0,10,0,0,10
352014339,0,0,10,0,0,10
122068567,0,0,9,0,1,9
123359966,0,0,10,0,0,10
48084726,0,0,10,0,0,10
122138364,0,0,10,0,0,10
159307752,10,0,0,0,0,10
1550736383,10,0,0,0,0,10
164464093,0,0,0,0,10,10
351682814,0,0,10,0,0,10
258202632,0,0,10,0,0,10
159388616,0,0,10,0,0,10
416118885,10,0,0,0,0,10
289012176,10,0,0,0,0,10
120319456,1,0,0,0,9,9
122446960,5,0,0,5,0,5
164530326,0,0,10,0,0,10
157689687,0,0,10,0,0,10
157544579,0,0,10,0,0,10
351898266,0,0,4,0,6,6
137341551,0,0,0,0,10,10
121942224,0,0,0,0,10,10
157949069,0,0,10,0,0,10
1717062465,10,0,0,0,0,10
159310321,10,0,0,0,0,10
243261216,2,0,8,0,0,8
390206126,0,0,0,0,10,10
121215343,0,0,10,0,0,10
137088037,10,0,0,0,0,10
121605263,0,0,2,0,8,8
288753981,0,0,0,0,10,10
123497589,10,0,0,0,0,10
137760903,0,0,10,0,0,10
164558583,0,0,10,0,0,10
289165317,3,0,7,0,0,7
123098844,10,0,0,0,0,10
289456652,10,0,0,0,0,10
289245558,0,0,1,0,9,9
399860444,10,0,0,0,0,10
157803968,1,0,0,0,9,9
123496079,0,0,10,0,0,10
158274148,10,0,0,0,0,10
121014772,10,0,0,0,0,10
289246967,10,0,0,0,0,10
158722356,0,0,10,0,0,10
158726424,10,0,0,0,0,10
137340081,0,0,0,0,10,10
157895268,0,0,0,0,10,10
158391326,0,0,8,0,2,8
399827744,7,0,3,0,0,7
122444214,0,0,0,0,10,10
164723837,0,0,10,0,0,10
357790241,4,0,0,0,6,6
159105439,0,0,10,0,0,10
289082521,10,0,0,0,0,10
237185223,0,0,0,0,10,10
123311641,0,0,0,0,10,10
137898586,0,0,10,0,0,10
159718529,0,0,0,0,10,10
158555774,0,0,10,0,0,10
357791769,10,0,0,0,0,10
137339966,0,0,2,0,8,8
157768150,0,0,10,0,0,10
121271140,0,0,10,0,0,10
121330933,0,0,0,0,10,10
137755160,9,0,0,1,0,9
289079980,0,0,0,0,10,10
164414084,10,0,0,0,0,10
48421553,0,0,0,0,10,10
164831532,0,0,10,0,0,10
399861845,0,0,0,0,10,10
120251026,0,0,0,0,10,10
123448700,10,0,0,0,0,10
159448893,6,1,3,0,0,6
48421264,0,0,10,0,0,10
289456192,0,0,10,0,0,10
158721722,0,0,10,0,0,10
157645047,0,0,10,0,0,10
351801933,0,0,0,0,10,10
390271248,0,0,10,0,0,10
157647950,10,0,0,0,0,10
158556051,0,0,7,0,3,7
137410897,0,0,10,0,0,10
137342175,0,0,10,0,0,10
122791152,0,0,10,0,0,10
158392630,0,0,0,0,10,10
123012777,10,0,0,0,0,10
298966850,10,0,0,0,0,10
48420442,10,0,0,0,0,10
399952476,0,0,0,0,10,10
405687762,10,0,0,0,0,10
121548495,10,0,0,0,0,10
137341354,10,0,0,0,0,10
123316518,10,0,0,0,0,10
230292499,0,0,10,0,0,10
159218102,0,0,10,0,0,10
383748961,10,0,0,0,0,10
120687630,0,0,10,0,0,10
1716231761,10,0,0,0,0,10
122839149,0,0,10,0,0,10
123315019,0,0,0,0,10,10
336263220,0,0,0,0,10,10
7856294,10,0,0,0,0,10
158270833,10,0,0,0,0,10
394172551,10,0,0,0,0,10
63121862,10,0,0,0,0,10
390203180,0,0,0,0,10,10
158935418,0,0,0,0,10,10
159650527,8,0,2,0,0,8
123095837,0,0,10,0,0,10
158558824,0,0,0,0,10,10
158324703,0,0,0,0,10,10
159105720,0,0,10,0,0,10
121015212,0,0,0,0,10,10
157645469,0,0,10,0,0,10
120356902,0,0,0,0,10,10
157802118,0,0,10,0,0,10
164886510,0,0,10,0,0,10
352013376,0,0,0,0,10,10
120251825,10,0,0,0,0,10
258286282,0,0,0,0,10,10
158661318,0,0,0,0,10,10
158271238,10,0,0,0,0,10
336205667,0,0,10,0,0,10
157766053,0,0,10,0,0,10
357718129,0,0,0,0,10,10
159521791,0,0,10,0,0,10
336072741,0,0,0,0,10,10
123203705,0,0,10,0,0,10
158556275,0,0,10,0,0,10
158844165,8,0,1,0,1,8
357851650,10,0,0,0,0,10
158317563,0,0,10,0,0,10
157850195,0,0,7,0,3,7
159302510,0,0,10,0,0,10
63005211,1,0,9,0,0,9
157851580,6,0,4,0,0,6
351070049,10,0,0,0,0,10
159386323,0,0,10,0,0,10
237193096,10,0,0,0,0,10
351804402,0,0,0,0,10,10
336132755,0,0,10,0,0,10
158929149,0,0,10,0,0,10
377730260,0,0,0,0,10,10
158494804,0,0,10,0,0,10
336260467,0,0,10,0,0,10
7800824,0,0,10,0,0,10
351667602,10,0,0,0,0,10
159717564,0,0,10,0,0,10
137411341,0,0,0,0,10,10
164886129,1,0,9,0,0,9
230293033,0,0,10,0,0,10
120253844,10,0,0,0,0,10
159047881,10,0,0,0,0,10
158556282,0,0,0,0,10,10
164409042,10,0,0,0,0,10
159223741,0,0,4,0,6,6
159652617,10,0,0,0,0,10
336255378,0,0,10,0,0,10
383753299,0,0,0,0,10,10
351798442,0,0,0,0,10,10
123094419,0,0,10,0,0,10
158920521,10,0,0,0,0,10
158992440,0,0,10,0,0,10
123040353,10,0,0,0,0,10
159444195,0,0,10,0,0,10
258202132,10,0,0,0,0,10
122712104,0,0,0,0,10,10
390270456,10,0,0,0,0,10
336206050,0,0,10,0,0,10
123205562,0,0,10,0,0,10
158934444,0,0,0,0,10,10
121790506,0,0,10,0,0,10
237186886,10,0,0,0,0,10
122707725,10,0,0,0,0,10
164651087,0,0,10,0,0,10
157803026,0,0,0,0,10,10
121729614,0,0,0,0,10,10
336010539,0,0,10,0,0,10
157759594,0,0,7,0,3,7
289456253,0,0,0,0,10,10
405685053,10,0,0,0,0,10
137088748,0,0,0,0,10,10
350987946,10,0,0,0,0,10
1715723711,0,0,10,0,0,10
164883261,0,0,0,0,10,10
122955724,0,0,10,0,0,10
164409032,10,0,0,0,0,10
289167273,0,0,10,0,0,10
164657290,0,0,10,0,0,10
157807669,10,0,0,0,0,10
7776640,0,0,10,0,0,10
383721601,10,0,0,0,0,10
288962467,0,0,10,0,0,10
158429872,0,0,10,0,0,10
336205519,10,0,0,0,0,10
157695770,2,0,8,0,0,8
123043645,0,0,10,0,0,10
157853755,0,0,10,0,0,10
158788744,0,0,10,0,0,10
123045452,0,0,10,0,0,10
164415750,0,0,0,0,10,10
399793494,10,0,0,0,0,10
48218166,10,0,0,0,0,10
48303278,0,0,10,0,0,10
399793501,10,0,0,0,0,10
158321576,0,0,10,0,0,10
157689549,0,0,10,0,0,10
158384699,0,0,10,0,0,10
158389981,0,0,0,0,10,10
121107757,0,0,0,0,10,10
336204360,0,0,0,0,10,10
164408285,0,0,0,0,10,10
120823043,0,0,10,0,0,10
159447474,0,0,0,0,10,10
237194348,10,0,0,0,0,10
336405626,10,0,0,0,0,10
120899901,10,0,0,0,0,10
158837283,10,0,0,0,0,10
122442654,0,0,10,0,0,10
123415344,0,0,10,0,0,10
158925081,1,0,9,0,0,9
164726486,0,0,10,0,0,10
123356489,9,0,1,0,0,9
158625122,0,0,0,0,10,10
357792779,0,0,10,0,0,10
351799648,0,0,10,0,0,10
123236979,0,0,10,0,0,10
120683444,0,0,0,0,10,10
158216342,0,0,10,0,0,10
157697270,0,0,0,0,10,10
164407447,0,0,0,0,10,10
158555729,1,0,0,0,9,9
158634388,0,0,10,0,0,10
137090923,10,0,0,0,0,10
137340074,0,0,8,0,2,8
120315082,10,0,0,0,0,10
7852929,0,0,10,0,0,10
351764934,10,0,0,0,0,10
121273776,0,0,0,0,10,10
121086421,0,0,10,0,0,10
1716802676,10,0,0,0,0,10
121112320,10,0,0,0,0,10
123357034,10,0,0,0,0,10
122136341,0,0,10,0,0,10
399861846,0,0,10,0,0,10
158837282,10,0,0,0,0,10
120046335,0,0,3,0,7,7
357789993,10,0,0,0,0,10
164655555,0,0,10,0,0,10
157763582,0,0,0,0,10,10
159102550,0,0,0,0,10,10
158387012,0,0,10,0,0,10
123451553,0,0,10,0,0,10
63004541,0,0,0,0,10,10
123356124,0,0,0,0,10,10
122889640,0,0,10,0,0,10
157582864,10,0,0,0,0,10
121944406,0,0,10,0,0,10
121730786,10,0,0,0,0,10
120687562,0,0,8,0,2,8
159717412,0,0,10,0,0,10
122955584,1,0,9,0,0,9
120575899,0,0,7,0,3,7
351804416,0,0,0,0,10,10
279912295,10,0,0,0,0,10
237188863,10,0,0,0,0,10
164722818,0,0,10,0,0,10
424434250,0,0,0,0,10,10
159381825,3,0,7,0,0,7
157544086,0,0,10,0,0,10
164828265,0,0,10,0,0,10
123039439,0,0,0,0,10,10
121790872,10,0,0,0,0,10
121731259,0,0,10,0,0,10
230294906,0,0,10,0,0,10
120423057,0,0,10,0,0,10
158928475,10,0,0,0,0,10
158387859,0,0,0,0,10,10
164459549,0,0,10,0,0,10
298785306,0,0,0,0,10,10
7852928,0,0,10,0,0,10
390129244,10,0,0,0,0,10
120316255,0,0,0,0,10,10
120356916,0,0,10,0,0,10
122954985,0,0,10,0,0,10
351912004,0,0,0,0,10,10
158220622,7,0,3,0,0,7
158663828,0,0,10,0,0,10
123315052,0,0,0,0,10,10
159522602,0,0,10,0,0,10
159571490,0,0,10,0,0,10
158838121,10,0,0,0,0,10
352011434,0,0,10,0,0,10
279911547,10,0,0,0,0,10
7851724,10,0,0,0,0,10
336267424,10,0,0,0,0,10
120253228,0,0,0,0,10,10
164887322,0,0,0,0,10,10
289458816,0,0,10,0,0,10
164998988,0,0,10,0,0,10
158321872,10,0,0,0,0,10
158175151,0,0,0,0,10,10
1716319562,0,0,7,0,3,7
122071141,0,0,10,0,0,10
158113618,10,0,0,0,0,10
120356966,9,0,1,0,0,9
121461047,10,0,0,0,0,10
137088365,10,0,0,0,0,10
123095489,0,0,10,0,0,10
399821588,0,0,1,0,9,9
390052993,0,0,9,0,1,9
164455246,0,0,10,0,0,10
158220652,2,0,0,0,8,8
123411957,0,0,10,0,0,10
121013252,5,0,5,0,0,5
158935785,0,0,9,1,0,9
122443975,0,0,10,0,0,10
120497737,0,0,0,0,10,10
137760987,0,0,10,0,0,10
121085588,0,0,9,1,0,9
230292248,0,0,10,0,0,10
289456902,0,0,10,0,0,10
288753982,0,0,0,0,10,10
122838074,0,0,10,0,0,10
137213478,0,0,10,0,0,10
137754849,1,0,5,4,0,5
158728853,10,0,0,0,0,10
48528720,0,0,10,0,0,10
123009360,10,0,0,0,0,10
120042555,0,0,0,0,10,10
7618708,0,0,0,0,10,10
158984238,0,0,3,0,7,7
383724410,0,0,10,0,0,10
157893606,0,0,0,0,10,10
47731088,10,0,0,0,0,10
158494860,0,0,10,0,0,10
7618883,0,0,10,0,0,10
158721751,0,0,10,0,0,10
230298048,0,0,10,0,0,10
157763736,0,0,0,0,10,10
48189126,0,0,0,0,10,10
122711253,10,0,0,0,0,10
1716719872,0,0,10,0,0,10
336123695,0,0,10,0,0,10
121865891,10,0,0,0,0,10
122712110,0,0,3,0,7,7
159386347,0,0,10,0,0,10
289244656,0,0,10,0,0,10
383750218,6,0,0,0,4,6
351909114,5,0,0,5,0,5
121330390,10,0,0,0,0,10
158272579,0,0,10,0,0,10
48420431,10,0,0,0,0,10
267544766,0,0,0,0,10,10
336255170,0,0,10,0,0,10
123228511,8,0,2,0,0,8
164527781,10,0,0,0,0,10
289323270,0,0,10,0,0,10
351910226,10,0,0,0,0,10
336206280,10,0,0,0,0,10
137090639,0,0,10,0,0,10
7900437,0,0,0,0,10,10
121328360,0,0,0,0,10,10
390052501,10,0,0,0,0,10
289245632,0,0,10,0,0,10
399866404,0,0,10,0,0,10
121014908,10,0,0,0,0,10
123232084,0,0,0,0,10,10
159577856,0,0,10,0,0,10
158172905,0,0,0,0,10,10
121943790,9,0,1,0,0,9
158920144,0,0,10,0,0,10
289078318,0,0,0,0,10,10
164413936,0,0,10,0,0,10
123014195,10,0,0,0,0,10
159047340,0,0,10,0,0,10
121463825,8,0,2,0,0,8
289573126,0,0,10,0,0,10
157647120,10,0,0,0,0,10
237160631,2,0,0,0,8,8
390052984,8,0,0,0,2,8
158722332,0,0,10,0,0,10
159311695,0,0,0,0,10,10
123550300,0,0,10,0,0,10
289524760,0,0,10,0,0,10
157888420,0,0,10,0,0,10
377727821,0,0,0,0,10,10
158276574,0,0,0,0,10,10
157799478,10,0,0,0,0,10
258271235,10,0,0,0,0,10
122791169,0,0,3,0,7,7
336072732,0,0,0,0,10,10
48419834,0,0,10,0,0,10
158325942,10,0,0,0,0,10
121123521,7,0,3,0,0,7
258203909,0,0,10,0,0,10
159574050,0,0,10,0,0,10
47673856,0,0,10,0,0,10
157798667,0,0,10,0,0,10
383722851,0,0,10,0,0,10
399827182,10,0,0,0,0,10
336123834,0,0,10,0,0,10
157648018,0,0,10,0,0,10
267668510,0,0,0,0,10,10
120764288,0,0,10,0,0,10
424436262,0,0,10,0,0,10
164785411,0,0,10,0,0,10
159451312,10,0,0,0,0,10
230282851,0,0,0,0,10,10
237188382,10,0,0,0,0,10
121942017,0,0,0,0,10,10
120315078,10,0,0,0,0,10
123236974,0,0,10,0,0,10
158926205,1,0,9,0,0,9
390054484,10,0,0,0,0,10
158787123,0,0,10,0,0,10
158276530,0,0,0,0,10,10
48084398,10,0,0,0,0,10
289316336,2,0,8,0,0,8
121734748,10,0,0,0,0,10
288847634,10,0,0,0,0,10
159572919,1,0,9,0,0,9
123451074,0,0,10,0,0,10
390132796,9,0,0,0,1,9
121943485,10,0,0,0,0,10
1717079071,10,0,0,0,0,10
121393797,10,0,0,0,0,10
157588916,0,0,10,0,0,10
120820174,0,0,0,0,10,10
164415956,0,0,0,0,10,10
198615522,0,0,10,0,0,10
159101107,2,0,0,0,8,8
158168786,0,0,10,0,0,10
336074334,0,0,10,0,0,10
336328389,0,0,10,0,0,10
158555405,0,0,10,0,0,10
390126604,0,0,10,0,0,10
123314849,0,0,10,0,0,10
120254824,1,0,9,0,0,9
336073667,0,0,10,0,0,10
164415717,0,0,0,0,10,10
351798186,0,0,10,0,0,10
48188257,10,0,0,0,0,10
164525415,0,0,7,0,3,7
48506706,0,0,10,0,0,10
158219452,10,0,0,0,0,10
243261239,0,0,10,0,0,10
336124704,10,0,0,0,0,10
121734909,10,0,0,0,0,10
48506664,0,0,10,0,0,10
157694577,10,0,0,0,0,10
159575884,0,0,10,0,0,10
122787895,0,0,0,0,10,10
164658643,9,0,0,1,0,9
289456214,10,0,0,0,0,10
48084407,10,0,0,0,0,10
336320680,0,0,0,0,10,10
230298280,10,0,0,0,0,10
123124788,10,0,0,0,0,10
351066999,0,0,0,0,10,10
158788034,0,0,10,0,0,10
159216367,10,0,0,0,0,10
164551958,0,0,1,0,9,9
267544735,0,0,10,0,0,10
48504738,0,0,10,0,0,10
121940059,10,0,0,0,0,10
120355262,0,0,0,0,10,10
120689878,10,0,0,0,0,10
390132307,0,0,0,0,10,10
123198404,10,0,0,0,0,10
159097879,5,0,0,5,0,5
158386775,10,0,0,0,0,10
289456145,0,0,10,0,0,10
158171383,10,0,0,0,0,10
122787900,0,0,0,0,10,10
121019194,10,0,0,0,0,10
336329196,0,0,10,0,0,10
7849909,0,0,10,0,0,10
1717017848,0,0,10,0,0,10
405687247,0,0,9,0,1,9
157550601,0,0,10,0,0,10
230294130,0,0,10,0,0,10
289015536,10,0,0,0,0,10
137761214,0,0,5,0,5,5
258349856,0,0,10,0,0,10
158922849,0,0,2,0,8,8
7777956,0,0,10,0,0,10
164670275,0,0,10,0,0,10
120417624,0,0,0,0,10,10
120683467,0,0,0,0,10,10
123199966,0,0,10,0,0,10
122442384,0,0,0,0,10,10
159107122,0,0,0,0,10,10
279912577,0,0,0,0,10,10
158112151,0,0,10,0,0,10
123200174,0,0,8,0,2,8
123492617,0,0,10,0,0,10
159768800,10,0,0,0,0,10
7798507,0,0,7,0,3,7
157800414,10,0,0,0,0,10
164415957,0,0,0,0,10,10
120251813,10,0,0,0,0,10
336204326,0,0,10,0,0,10
122832640,0,0,10,0,0,10
164723608,0,0,10,0,0,10
336072122,0,0,0,0,10,10
121273755,0,0,0,0,10,10
390133382,0,0,10,0,0,10
157954458,0,0,0,0,10,10
352010975,0,0,0,0,10,10
122596859,0,0,0,0,10,10
123314298,0,0,0,0,10,10
121464681,0,0,0,0,10,10
159576412,10,0,0,0,0,10
159180207,0,0,8,0,2,8
158837257,0,0,0,0,10,10
121330106,10,0,0,0,0,10
158634607,0,0,0,0,10,10
164655890,0,0,10,0,0,10
122891214,0,0,10,0,0,10
120354676,10,0,0,0,0,10
48498393,0,0,0,0,10,10
159046145,10,0,0,0,0,10
399861718,0,0,10,0,0,10
158658426,0,0,8,0,2,8
399867550,0,0,10,0,0,10
158934402,0,0,0,0,10,10
1716504317,0,0,10,0,0,10
123315747,0,0,0,0,10,10
351801912,10,0,0,0,0,10
123413993,0,0,10,0,0,10
164557432,0,0,10,0,0,10
120576722,10,0,0,0,0,10
158272747,10,0,0,0,0,10
120423246,0,0,0,0,10,10
164881742,0,0,0,0,10,10
48450519,10,0,0,0,0,10
121460104,0,0,0,0,10,10
122835546,0,0,10,0,0,10
122601251,0,0,0,0,10,10
351764103,10,0,0,0,0,10
424435879,10,0,0,0,0,10
123037922,0,0,10,0,0,10
158730586,10,0,0,0,0,10
159651789,0,0,10,0,0,10
158992514,0,0,7,0,3,7
157647584,10,0,0,0,0,10
158317447,1,0,9,0,0,9
164522600,0,0,0,0,10,10
122600565,10,0,0,0,0,10
120043351,0,0,0,0,10,10
137411009,0,0,0,0,10,10
123042762,0,0,10,0,0,10
123009288,0,0,0,0,10,10
159448908,0,0,0,0,10,10
120043233,0,0,0,0,10,10
120044843,0,0,10,0,0,10
164891316,0,0,0,0,10,10
123361299,0,0,0,0,10,10
336320793,0,0,9,0,1,9
164724521,0,0,6,0,4,6
121731038,0,0,0,0,10,10
267668525,0,0,9,0,1,9
159303089,0,0,10,0,0,10
158921253,0,0,10,0,0,10
122139421,0,0,0,0,10,10
63006029,0,0,10,0,0,10
123317330,10,0,0,0,0,10
158934641,10,0,0,0,0,10
1716523404,0,0,10,0,0,10
120898293,0,0,8,0,2,8
158386945,0,0,0,0,10,10
164642470,0,0,10,0,0,10
159102812,2,0,8,0,0,8
158491757,0,0,10,0,0,10
158393125,10,0,0,0,0,10
289082860,10,0,0,0,0,10
336132375,10,0,0,0,0,10
120044293,0,0,0,0,10,10
47628073,0,0,10,0,0,10
158393612,2,0,0,0,8,8
7619408,10,0,0,0,0,10
137412422,0,0,10,0,0,10
399953536,10,0,0,0,0,10
122597938,10,0,0,0,0,10
121465834,0,0,0,0,10,10
424436263,1,0,9,0,0,9
123496379,5,0,0,5,0,5
237160927,0,0,10,0,0,10
7851729,10,0,0,0,0,10
158985190,0,0,10,0,0,10
164673024,10,0,0,0,0,10
230282773,0,0,10,0,0,10
7851968,0,0,10,0,0,10
164887526,6,0,0,0,4,6
120042959,0,0,0,0,10,10
120355023,10,0,0,0,0,10
279916851,10,0,0,0,0,10
7717498,0,0,10,0,0,10
121598535,10,0,0,0,0,10
267570743,0,0,10,0,0,10
137342178,0,0,10,0,0,10
121020171,10,0,0,0,0,10
121107304,0,0,0,0,10,10
122442766,0,0,10,0,0,10
159047672,10,0,0,0,0,10
7804203,10,0,0,0,0,10
159048198,10,0,0,0,0,10
123012668,0,0,0,0,10,10
383722507,0,0,0,0,10,10
159100278,0,0,10,0,0,10
123040316,10,0,0,0,0,10
120316787,0,0,10,0,0,10
399912258,0,0,10,0,0,10
1716562912,0,0,10,0,0,10
164524559,0,0,10,0,0,10
383726348,0,0,10,0,0,10
164779900,0,0,0,0,10,10
137408317,10,0,0,0,0,10
120576721,10,0,0,0,0,10
137627485,5,0,5,0,0,5
158272744,10,0,0,0,0,10
159451457,0,0,10,0,0,10
123316709,10,0,0,0,0,10
157952317,0,0,10,0,0,10
7801029,10,0,0,0,0,10
158562326,0,0,10,0,0,10
298966885,10,0,0,0,0,10
159097707,3,0,0,0,7,7
289456216,0,0,0,0,10,10
298893026,0,0,0,0,10,10
122068990,10,0,0,0,0,10
1715959945,0,0,10,0,0,10
390131282,0,0,10,0,0,10
157893608,0,0,0,0,10,10
158394590,5,0,5,0,0,5
48419751,0,0,10,0,0,10
351801401,0,0,0,0,10,10
383750383,10,0,0,0,0,10
164457229,0,0,0,0,10,10
48189128,0,0,0,0,10,10
390130943,0,0,10,0,0,10
377782065,0,0,10,0,0,10
164458426,0,0,10,0,0,10
158791304,0,0,0,0,10,10
158491288,10,0,0,0,0,10
230298771,0,0,10,0,0,10
159108488,10,0,0,0,0,10
405687326,0,0,5,0,5,5
121466781,7,0,0,0,3,7
390133376,0,0,10,0,0,10
120683464,0,0,0,0,10,10
164677806,8,0,2,0,0,8
336131276,0,0,10,0,0,10
289251673,10,0,0,0,0,10
159222824,6,0,4,0,0,6
1715688515,0,0,0,0,10,10
123495225,0,0,10,0,0,10
157889322,10,0,0,0,0,10
237160954,0,0,10,0,0,10
289525062,0,0,10,0,0,10
158840326,0,0,0,0,10,10
120689099,0,0,10,0,0,10
123008220,0,0,10,0,0,10
159576379,10,0,0,0,0,10
158660605,10,0,0,0,0,10
158787200,0,0,10,0,0,10
158430969,0,0,10,0,0,10
122958150,2,0,8,0,0,8
288613852,10,0,0,0,0,10
159766634,0,0,3,0,7,7
137090861,0,0,10,0,0,10
288847880,10,0,0,0,0,10
137557473,10,0,0,0,0,10
120251810,10,0,0,0,0,10
416116876,0,0,0,0,10,10
336073456,0,0,10,0,0,10
164410723,0,0,10,0,0,10
121327745,10,0,0,0,0,10
120102014,0,0,10,0,0,10
121330632,10,0,0,0,0,10
399793780,0,0,10,0,0,10
399953307,0,0,0,0,10,10
7800474,0,0,10,0,0,10
121330087,10,0,0,0,0,10
121331609,0,0,10,0,0,10
159311039,0,0,10,0,0,10
258268207,0,0,3,0,7,7
63006012,0,0,10,0,0,10
158724802,0,0,10,0,0,10
120251171,10,0,0,0,0,10
1717140318,0,0,10,0,0,10
164458921,0,0,0,0,10,10
123131029,10,0,0,0,0,10
289373041,10,0,0,0,0,10
123416534,10,0,0,0,0,10
157645110,0,0,0,0,10,10
123495505,10,0,0,0,0,10
159652593,10,0,0,0,0,10
157586003,10,0,0,0,0,10
122596970,10,0,0,0,0,10
120684648,10,0,0,0,0,10
48216748,0,0,10,0,0,10
351805393,0,0,10,0,0,10
336209730,0,0,0,0,10,10
158219387,0,0,0,0,10,10
48028808,0,0,10,0,0,10
122298205,0,0,0,0,10,10
121462171,0,0,0,0,10,10
158113601,10,0,0,0,0,10
137407305,0,0,10,0,0,10
123015715,0,0,10,0,0,10
48217508,0,0,10,0,0,10
157800872,0,0,10,0,0,10
121393809,10,0,0,0,0,10
123493374,0,0,0,0,10,10
137340043,0,0,0,0,10,10
158792738,0,0,10,0,0,10
336129775,0,0,8,0,2,8
164464350,0,0,0,0,10,10
279919710,0,0,0,0,10,10
159766623,0,0,0,0,10,10
122442367,0,0,10,0,0,10
405719209,0,0,10,0,0,10
48216142,0,0,10,0,0,10
289379110,10,0,0,0,0,10
158220781,0,0,10,0,0,10
288880812,10,0,0,0,0,10
157889335,10,0,0,0,0,10
158485003,0,0,10,0,0,10
157806809,0,0,7,0,3,7
390207866,5,0,3,0,2,5
289529755,10,0,0,0,0,10
48421539,0,0,10,0,0,10
123355668,0,0,0,0,10,10
158111393,10,0,0,0,0,10
298892188,0,0,10,0,0,10
121086583,0,0,0,0,10,10
123098630,0,0,10,0,0,10
158211838,0,0,0,0,10,10
123235688,0,0,10,0,0,10
390207839,0,0,0,0,10,10
377727887,0,0,10,0,0,10
357791422,0,0,10,0,0,10
122301641,0,0,10,0,0,10
158113588,10,0,0,0,0,10
47978128,10,0,0,0,0,10
7852543,0,0,10,0,0,10
121793363,0,0,10,0,0,10
158726798,0,0,10,0,0,10
157649279,0,0,0,0,10,10
336319027,0,0,10,0,0,10
122443599,10,0,0,0,0,10
120317793,0,0,10,0,0,10
157524201,10,0,0,0,0,10
258286278,0,0,0,0,10,10
158657716,10,0,0,0,0,10
121333964,0,0,0,0,10,10
121014814,10,0,0,0,0,10
157803985,1,0,0,0,9,9
157856410,0,0,10,0,0,10
351803756,0,0,0,0,10,10
158724337,10,0,0,0,0,10
121121561,10,0,0,0,0,10
158787136,0,0,10,0,0,10
157895272,0,0,0,0,10,10
7548794,1,0,0,0,9,9
289325437,0,0,10,0,0,10
416118867,10,0,0,0,0,10
158165853,10,0,0,0,0,10
137409261,0,0,10,0,0,10
7852999,10,0,0,0,0,10
158109291,10,0,0,0,0,10
157890740,10,0,0,0,0,10
63006062,10,0,0,0,0,10
243272097,0,0,10,0,0,10
159102516,0,0,0,0,10,10
390131143,0,0,10,0,0,10
47673880,0,0,0,0,10,10
164654159,0,0,0,0,10,10
123498640,1,0,9,0,0,9
120899534,10,0,0,0,0,10
159381901,0,0,10,0,0,10
120354362,0,0,0,0,10,10
158391317,0,0,0,0,10,10
336406130,0,0,7,0,3,7
120684348,0,0,7,0,3,7
123314858,0,0,0,0,10,10
158842501,0,0,10,0,0,10
158632091,0,0,2,0,8,8
164459909,0,0,10,0,0,10
164674992,10,0,0,0,0,10
159105759,0,0,10,0,0,10
159767194,0,0,0,0,10,10
121112313,10,0,0,0,0,10
230298841,1,0,0,0,9,9
159572908,0,0,10,0,0,10
158426393,0,0,10,0,0,10
120417252,0,0,0,0,10,10
158388687,10,0,0,0,0,10
158218842,8,0,2,0,0,8
137411036,0,0,0,0,10,10
351798608,10,0,0,0,0,10
137410423,0,0,0,0,10,10
164657231,0,0,10,0,0,10
159576699,0,0,10,0,0,10
121014074,0,0,10,0,0,10
122068559,0,0,8,0,2,8
159216376,10,0,0,0,0,10
237158526,10,0,0,0,0,10
123202090,0,0,0,0,10,10
158393214,10,0,0,0,0,10
159443438,0,0,10,0,0,10
243272227,0,0,10,0,0,10
120899422,0,0,10,0,0,10
137410610,0,0,0,0,10,10
159180146,7,0,0,3,0,7
120046358,0,0,10,0,0,10
158628471,10,0,0,0,0,10
157949553,0,0,0,0,10,10
7857354,10,0,0,0,0,10
121464666,0,0,10,0,0,10
390133452,3,0,1,0,6,6
158791317,0,0,0,0,10,10
47879981,0,0,10,0,0,10
120316763,0,0,10,0,0,10
164781052,10,0,0,0,0,10
121548034,0,0,10,0,0,10
357794652,0,0,10,0,0,10
63003749,0,0,10,0,0,10
164456217,10,0,0,0,0,10
157766116,0,0,10,0,0,10
120356847,0,0,1,0,9,9
159216440,10,0,0,0,0,10
279919715,0,0,0,0,10,10
164415946,0,0,0,0,10,10
288754319,0,0,10,0,0,10
390204596,10,0,0,0,0,10
299032481,0,0,10,0,0,10
158424841,0,0,0,0,10,10
237159605,4,0,0,0,6,6
164722253,0,0,0,0,10,10
164647285,10,0,0,0,0,10
121466818,10,0,0,0,0,10
120044036,10,0,0,0,0,10
47731828,0,0,10,0,0,10
237185371,0,0,10,0,0,10
120626799,10,0,0,0,0,10
158389843,0,0,0,0,10,10
7679137,0,0,0,0,10,10
158321712,0,0,0,0,10,10
159175584,0,0,10,0,0,10
158561573,0,0,10,0,0,10
157646630,0,0,10,0,0,10
123314964,0,0,0,0,10,10
336270402,0,0,5,0,5,5
158991754,0,0,10,0,0,10
122446076,10,0,0,0,0,10
351764389,10,0,0,0,0,10
158114799,0,0,10,0,0,10
123496512,0,0,10,0,0,10
121274442,0,0,0,0,10,10
279911087,10,0,0,0,0,10
289163924,10,0,0,0,0,10
122956498,0,0,10,0,0,10
390205721,0,0,10,0,0,10
157646158,10,0,0,0,0,10
336208071,0,0,0,0,10,10
158387021,0,0,10,0,0,10
7853545,0,0,10,0,0,10
120960859,0,0,0,0,10,10
159102563,0,0,8,0,2,8
336132851,0,0,10,0,0,10
47821788,0,0,10,0,0,10
159767504,0,0,0,0,10,10
164648315,10,0,0,0,0,10
164551917,0,0,10,0,0,10
158629256,0,0,0,0,10,10
159446663,10,0,0,0,0,10
7855913,0,0,10,0,0,10
289083562,0,0,0,0,10,10
158722941,0,0,10,0,0,10
157645326,0,0,10,0,0,10
122603474,10,0,0,0,0,10
289163526,0,0,0,10,0,10
159445550,0,0,0,0,10,10
390200844,0,0,10,0,0,10
158634537,10,0,0,0,0,10
121866435,0,0,0,0,10,10
164524883,0,0,10,0,0,10
158633257,0,0,10,0,0,10
164557531,10,0,0,0,0,10
123044883,0,0,10,0,0,10
122841143,0,0,10,0,0,10
7582018,0,0,10,0,0,10
158792216,0,0,0,0,10,10
159307413,10,0,0,0,0,10
48503369,10,0,0,0,0,10
122065486,0,0,10,0,0,10
120425098,10,0,0,0,0,10
158417623,10,0,0,0,0,10
336404042,0,0,10,0,0,10
123044874,0,0,10,0,0,10
159451659,0,0,0,0,10,10
121459336,10,0,0,0,0,10
63006369,0,0,10,0,0,10
336129068,10,0,0,0,0,10
122713569,0,0,0,0,10,10
237160284,0,0,8,0,2,8
120764848,0,0,8,2,0,8
289324685,10,0,0,0,0,10
158934973,0,0,0,0,10,10
121731378,3,0,7,0,0,7
279844874,10,0,0,0,0,10
120044317,0,0,0,0,10,10
121086463,0,0,0,0,10,10
158724063,0,0,10,0,0,10
164723669,10,0,0,0,0,10
123361482,10,0,0,0,0,10
237193450,10,0,0,0,0,10
137628867,10,0,0,0,0,10
164728629,0,0,10,0,0,10
157801399,10,0,0,0,0,10
158660667,10,0,0,0,0,10
159047364,0,0,10,0,0,10
122712614,0,0,10,0,0,10
158490735,0,0,1,0,9,9
390206149,0,0,0,0,10,10
120900632,0,0,0,0,10,10
120683949,0,0,10,0,0,10
405688514,1,0,0,0,9,9
159443070,0,0,0,0,10,10
289317689,0,0,9,1,0,9
158322489,0,0,0,0,10,10
121327939,10,0,0,0,0,10
237160854,10,0,0,0,0,10
48190472,0,0,10,0,0,10
158728860,10,0,0,0,0,10
352012975,7,0,0,0,3,7
164674914,0,0,0,0,10,10
158921448,0,0,0,0,10,10
48091896,0,0,10,0,0,10
157804855,10,0,0,0,0,10
63006087,10,0,0,0,0,10
289250717,0,0,10,0,0,10
351680885,0,0,10,0,0,10
405683283,0,0,10,0,0,10
157650597,0,0,10,0,0,10
123228535,0,0,8,2,0,8
377728848,0,0,10,0,0,10
123409994,0,0,10,0,0,10
121602142,0,0,0,0,10,10
164675460,0,0,0,0,10,10
120416743,0,0,0,0,10,10
159573888,10,0,0,0,0,10
336326865,10,0,0,0,0,10
137088939,0,0,10,0,0,10
137341198,10,0,0,0,0,10
120689422,0,0,10,0,0,10
48305981,0,0,10,0,0,10
158558087,0,0,10,0,0,10
159717446,0,0,10,0,0,10
157851568,10,0,0,0,0,10
123311121,0,0,0,0,10,10
47581569,0,0,10,0,0,10
158844274,0,0,0,0,10,10
157802871,0,0,10,0,0,10
383720346,3,0,2,5,0,5
230298033,1,0,0,0,9,9
122601345,10,0,0,0,0,10
350987976,10,0,0,0,0,10
158631289,0,0,0,0,10,10
123313910,0,0,0,0,10,10
121112874,0,0,10,0,0,10
157893945,0,0,0,0,10,10
48031164,0,0,0,0,10,10
289163746,0,0,10,0,0,10
390052072,10,0,0,0,0,10
120182653,0,0,0,0,10,10
289315542,10,0,0,0,0,10
289080553,0,0,0,0,10,10
357718645,10,0,0,0,0,10
336409246,0,0,10,0,0,10
122137838,0,0,0,0,10,10
351070012,10,0,0,0,0,10
164461480,0,0,10,0,0,10
158317567,0,0,6,0,4,6
383753308,10,0,0,0,0,10
157648152,0,0,0,0,10,10
399952975,0,0,10,0,0,10
164726308,0,0,10,0,0,10
48132653,0,0,10,0,0,10
164463416,0,0,10,0,0,10
1550899075,0,0,10,0,0,10
158318872,10,0,0,0,0,10
164826758,0,0,0,0,10,10
159716513,0,0,10,0,0,10
237185161,10,0,0,0,0,10
158431002,0,0,10,0,0,10
122839750,0,0,3,0,7,7
158836118,8,0,2,0,0,8
164530207,10,0,0,0,0,10
158112194,0,0,10,0,0,10
120638184,0,0,10,0,0,10
157689633,10,0,0,0,0,10
159651136,0,0,2,0,8,8
164558538,0,0,10,0,0,10
164674918,0,0,10,0,0,10
7902047,0,0,10,0,0,10
336406112,0,0,9,0,1,9
164669048,0,0,10,0,0,10
159571480,0,0,10,0,0,10
123124375,0,0,0,0,10,10
158990568,0,0,0,0,10,10
157524208,10,0,0,0,0,10
298892093,0,0,0,0,10,10
237194150,10,0,0,0,0,10
351769533,0,0,10,0,0,10
279912937,0,0,0,0,10,10
7773306,0,0,0,0,10,10
159047911,1,0,9,0,0,9
164645160,0,0,10,0,0,10
383750344,0,0,0,0,10,10
164552555,7,0,3,0,0,7
289244668,0,0,9,1,0,9
357851655,10,0,0,0,0,10
137408327,10,0,0,0,0,10
157648397,10,0,0,0,0,10
158424080,0,0,0,0,10,10
336329360,0,0,10,0,0,10
405683299,0,0,10,0,0,10
159308140,0,0,0,0,10,10
121275246,0,0,10,0,0,10
122791140,0,0,10,0,0,10
121392643,0,0,10,0,0,10
164457246,10,0,0,0,0,10
1717120598,0,0,0,0,10,10
1716297479,7,0,0,3,0,7
137409811,0,0,0,0,10,10
120046324,0,0,0,0,10,10
159220709,0,0,0,0,10,10
157851572,10,0,0,0,0,10
289081374,0,0,10,0,0,10
123357952,0,0,0,0,10,10
383750128,0,0,10,0,0,10
158724947,0,0,9,0,1,9
48188920,9,0,1,0,0,9
289324075,9,0,0,1,0,9
158719962,0,0,10,0,0,10
336326392,10,0,0,0,0,10
123012261,0,0,0,0,10,10
351804398,0,0,0,0,10,10
159573320,10,0,0,0,0,10
164644071,9,0,0,0,1,9
399821933,10,0,0,0,0,10
158660874,0,0,10,0,0,10
158625050,0,0,10,0,0,10
157543391,0,0,0,0,10,10
122068021,0,0,0,0,10,10
137209604,0,0,10,0,0,10
164677677,10,0,0,0,0,10
122070918,10,0,0,0,0,10
120314487,10,0,0,0,0,10
258285295,10,0,0,0,0,10
230295993,0,0,0,0,10,10
158113679,0,0,10,0,0,10
350987178,0,0,10,0,0,10
122839751,0,0,3,0,7,7
158113580,10,0,0,0,0,10
121864874,0,0,9,0,1,9
137088239,0,0,0,0,10,10
158273665,0,0,0,0,10,10
121790379,0,0,10,0,0,10
137556134,10,0,0,0,0,10
121785656,0,0,0,0,10,10
137411722,0,0,10,0,0,10
289524716,0,0,10,0,0,10
158112351,0,0,0,0,10,10
158278504,0,0,10,0,0,10
120258334,10,0,0,0,0,10
158273780,0,0,10,0,0,10
159447486,0,0,2,0,8,8
121466815,10,0,0,0,0,10
336123380,0,0,10,0,0,10
47937360,10,0,0,0,0,10
120689071,0,0,0,0,10,10
123499478,0,0,0,0,10,10
351801214,10,0,0,0,0,10
158555716,2,0,0,0,8,8
164883843,10,0,0,0,0,10
288754045,10,0,0,0,0,10
164890192,0,0,10,0,0,10
120106938,0,0,10,0,0,10
164413852,0,0,10,0,0,10
289527518,0,0,10,0,0,10
230292364,0,0,10,0,0,10
164888471,10,0,0,0,0,10
158217655,10,0,0,0,0,10
390207953,10,0,0,0,0,10
157652824,10,0,0,0,0,10
159108460,0,0,10,0,0,10
159572904,0,0,10,0,0,10
47760308,0,0,0,0,10,10
158318513,0,0,10,0,0,10
298894202,0,0,10,0,0,10
164668994,0,0,4,0,6,6
123450851,2,0,0,0,8,8
336321517,0,0,10,0,0,10
230287781,0,0,10,0,0,10
121658095,0,0,10,0,0,10
351766121,0,0,10,0,0,10
120319464,0,0,0,0,10,10
157652534,10,0,0,0,0,10
158839739,5,0,5,0,0,5
279910845,2,0,1,0,7,7
123044546,6,0,3,1,0,6
47977037,0,0,10,0,0,10
157765888,0,0,10,0,0,10
123037720,0,0,10,0,0,10
123495498,10,0,0,0,0,10
394172386,0,0,2,0,8,8
289456158,0,0,10,0,0,10
230286705,0,0,10,0,0,10
123416563,10,0,0,0,0,10
158486998,0,0,0,0,10,10
121784981,0,0,10,0,0,10
123093110,10,0,0,0,0,10
289167276,0,0,10,0,0,10
1716709157,0,0,3,0,7,7
123016254,10,0,0,0,0,10
164458929,0,0,3,0,7,7
399861827,0,0,10,0,0,10
383723672,0,0,0,0,10,10
157651943,1,0,9,0,0,9
289370807,0,0,10,0,0,10
357790007,10,0,0,0,0,10
122069599,0,0,10,0,0,10
121597646,0,0,0,0,10,10
336271303,0,0,10,0,0,10
121734896,10,0,0,0,0,10
289245572,0,0,10,0,0,10
120574675,0,0,10,0,0,10
123123722,0,0,0,0,10,10
289317729,0,0,10,0,0,10
243271775,0,0,10,0,0,10
158168807,0,0,0,0,10,10
158393590,3,0,6,0,1,6
158432327,0,0,10,0,0,10
121108244,0,0,0,0,10,10
121945630,10,0,0,0,0,10
237133445,0,0,10,0,0,10
158558792,0,0,10,0,0,10
352013045,0,0,10,0,0,10
122790390,0,0,10,0,0,10
157542578,0,0,10,0,0,10
122837894,0,0,10,0,0,10
7585025,10,0,0,0,0,10
157524231,10,0,0,0,0,10
120107075,0,0,10,0,0,10
123232095,0,0,0,0,10,10
390206123,0,0,0,0,10,10
230287761,0,0,10,0,0,10
237193012,0,0,0,0,10,10
48419748,0,0,10,0,0,10
405717856,0,0,10,0,0,10
159047480,10,0,0,0,0,10
157647934,10,0,0,0,0,10
357720149,0,0,10,0,0,10
122595610,0,0,10,0,0,10
350990832,0,0,10,0,0,10
158935303,0,0,10,0,0,10
351767069,0,0,10,0,0,10
48189297,10,0,0,0,0,10
120424486,10,0,0,0,0,10
158632547,0,0,0,0,10,10
158169654,0,0,10,0,0,10
399953028,0,0,10,0,0,10
120423040,10,0,0,0,0,10
123448681,10,0,0,0,0,10
120425093,10,0,0,0,0,10
158217327,0,0,0,0,10,10
159220401,0,0,10,0,0,10
120685185,10,0,0,0,0,10
164464419,10,0,0,0,0,10
122602281,10,0,0,0,0,10
158844139,10,0,0,0,0,10
121603804,6,0,4,0,0,6
123012601,0,0,10,0,0,10
120627791,0,0,0,0,10,10
164779936,0,0,0,0,10,10
289531659,0,0,10,0,0,10
1716778622,10,0,0,0,0,10
159717567,0,0,10,0,0,10
7903200,0,0,10,0,0,10
158386410,10,0,0,0,0,10
158844191,10,0,0,0,0,10
48503362,10,0,0,0,0,10
121604047,10,0,0,0,0,10
159716481,0,0,10,0,0,10
158493932,0,0,0,0,10,10
120497750,0,0,8,0,2,8
122597922,10,0,0,0,0,10
299032942,0,0,10,0,0,10
120686493,0,0,10,0,0,10
289016801,0,0,10,0,0,10
158175305,0,0,0,0,10,10
157955214,10,0,0,0,0,10
123044392,0,0,0,0,10,10
258349863,10,0,0,0,0,10
336205408,0,0,0,0,10,10
48355309,0,0,10,0,0,10
157889314,10,0,0,0,0,10
237161254,10,0,0,0,0,10
122298182,0,0,0,0,10,10
137554918,10,0,0,0,0,10
351912013,10,0,0,0,0,10
289573156,0,0,10,0,0,10
164530200,10,0,0,0,0,10
123200023,0,0,10,0,0,10
351769707,1,0,9,0,0,9
299032661,0,0,0,0,10,10
120045756,0,0,0,0,10,10
7851972,0,0,10,0,0,10
158212615,0,0,0,0,10,10
390203049,0,0,10,0,0,10
159220336,10,0,0,0,0,10
158384803,10,0,0,0,0,10
120044343,0,0,0,0,10,10
336072971,10,0,0,0,0,10
159107496,0,0,10,0,0,10
123099541,10,0,0,0,0,10
164409033,10,0,0,0,0,10
122136324,0,0,0,0,10,10
158658652,10,0,0,0,0,10
237159308,10,0,0,0,0,10
157582963,0,0,0,0,10,10
158324229,10,0,0,0,0,10
230297730,0,0,10,0,0,10
120894622,10,0,0,0,0,10
120355048,10,0,0,0,0,10
122294110,0,0,10,0,0,10
123361157,0,0,10,0,0,10
120313660,10,0,0,0,0,10
137410806,0,0,0,0,10,10
121459310,10,0,0,0,0,10
289166536,0,0,0,0,10,10
159047475,10,0,0,0,0,10
158991531,0,0,9,0,1,9
164669829,0,0,0,0,10,10
158552839,0,0,10,0,0,10
164530781,0,0,10,0,0,10
158217355,0,0,0,0,10,10
158391644,0,0,10,0,0,10
159307764,10,0,0,0,0,10
158918155,0,0,10,0,0,10
123097537,0,0,10,0,0,10
121605282,0,0,10,0,0,10
164459901,0,0,10,0,0,10
159450502,0,0,10,0,0,10
123494525,6,0,0,0,4,6
159218653,0,0,0,0,10,10
7548894,0,0,10,0,0,10
47879359,0,0,0,0,10,10
158492314,0,0,10,0,0,10
164829040,0,0,10,0,0,10
351800469,0,0,10,0,0,10
120319460,0,0,0,0,10,10
158560303,0,0,0,0,10,10
289573046,0,0,10,0,0,10
7853048,0,0,10,0,0,10
120574666,0,0,10,0,0,10
122071036,0,0,10,0,0,10
137557468,10,0,0,0,0,10
121460525,0,0,10,0,0,10
121944354,0,0,10,0,0,10
390126642,0,0,0,0,10,10
120183491,10,0,0,0,0,10
383721291,0,0,10,0,0,10
122064617,10,0,0,0,0,10
123316118,0,0,0,0,10,10
158723806,10,0,0,0,0,10
121734910,10,0,0,0,0,10
164730180,0,0,0,0,10,10
279918058,0,0,8,0,2,8
159447482,0,0,0,0,10,10
7775059,4,0,0,0,6,6
120687196,10,0,0,0,0,10
158278500,0,0,10,0,0,10
158553438,0,0,0,0,10,10
351910768,0,0,10,0,0,10
122597950,0,0,0,0,10,10
121273953,0,0,10,0,0,10
158171482,0,0,10,0,0,10
123228321,0,0,10,0,0,10
123126479,0,0,10,0,0,10
121393875,0,0,10,0,0,10
120100937,0,0,10,0,0,10
164726558,0,0,0,0,10,10
7685737,0,0,10,0,0,10
120499724,10,0,0,0,0,10
357850411,10,0,0,0,0,10
289573036,0,0,10,0,0,10
137627213,1,0,9,0,0,9
243270303,0,0,0,0,10,10
120315096,10,0,0,0,0,10
158660631,10,0,0,0,0,10
298893549,9,0,1,0,0,9
237193459,10,0,0,0,0,10
299032450,0,0,10,0,0,10
158631297,0,0,0,0,10,10
121865319,0,0,0,0,10,10
158795248,0,0,10,0,0,10
122069552,0,0,10,0,0,10
123451188,0,0,10,0,0,10
157695701,0,0,10,0,0,10
122066199,0,0,10,0,0,10
123044390,0,0,0,0,10,10
390053004,0,0,5,0,5,5
279911552,0,0,7,0,3,7
63003798,0,0,10,0,0,10
157768146,0,0,10,0,0,10
164559015,0,0,10,0,0,10
121013810,10,0,0,0,0,10
159045197,0,0,0,0,10,10
164416004,0,0,10,0,0,10
164835698,3,0,7,0,0,7
120424473,10,0,0,0,0,10
48503360,10,0,0,0,0,10
120251030,0,0,0,0,10,10
289527204,10,0,0,0,0,10
288882611,0,0,10,0,0,10
390201075,0,0,10,0,0,10
164463075,6,0,0,0,4,6
350987968,0,0,10,0,0,10
48131967,0,0,0,0,10,10
120578840,10,0,0,0,0,10
351800386,0,0,10,0,0,10
336265663,0,0,10,0,0,10
121731386,0,0,0,0,10,10
47938273,4,0,0,6,0,6
164657249,0,0,1,0,9,9
122067088,0,0,0,0,10,10
158667639,10,0,0,0,0,10
352009989,0,0,10,0,0,10
120354995,10,0,0,0,0,10
47673824,0,0,10,0,0,10
123126273,10,0,0,0,0,10
164784856,0,0,10,0,0,10
258202143,10,0,0,0,0,10
157649542,10,0,0,0,0,10
157802713,0,0,10,0,0,10
158634596,1,0,0,0,9,9
159451650,0,0,0,0,10,10
137410566,0,0,10,0,0,10
399913744,0,0,10,0,0,10
48354378,0,0,0,0,10,10
237160928,0,0,10,0,0,10
377782771,0,0,10,0,0,10
405716763,2,0,0,0,8,8
121020615,10,0,0,0,0,10
157768151,10,0,0,0,0,10
121271141,0,0,10,0,0,10
137209648,0,0,10,0,0,10
159309042,0,0,0,0,10,10
394175181,10,0,0,0,0,10
158933646,0,0,0,0,10,10
164780645,0,0,10,0,0,10
405718869,10,0,0,0,0,10
164778440,0,0,10,0,0,10
405683805,0,0,0,0,10,10
288880826,10,0,0,0,0,10
137340080,0,0,0,0,10,10
279919724,0,0,0,0,10,10
137628826,10,0,0,0,0,10
121547981,0,0,0,0,10,10
121604434,10,0,0,0,0,10
267667621,9,0,1,0,0,9
351897815,0,0,10,0,0,10
289572819,0,0,10,0,0,10
120315081,10,0,0,0,0,10
123043410,0,0,10,0,0,10
377782542,0,0,10,0,0,10
120316257,0,0,0,0,10,10
298785304,0,0,0,0,10,10
230296646,10,0,0,0,0,10
123355842,1,0,0,0,9,9
164721312,10,0,0,0,0,10
164558582,0,0,10,0,0,10
158554759,10,0,0,0,0,10
159386208,10,0,0,0,0,10
399952805,10,0,0,0,0,10
158630391,0,0,10,0,0,10
157890945,0,0,0,0,10,10
122595834,10,0,0,0,0,10
48447894,0,0,0,0,10,10
7852352,10,0,0,0,0,10
137341191,10,0,0,0,0,10
357851646,10,0,0,0,0,10
158935391,0,0,0,0,10,10
123012776,10,0,0,0,0,10
158660073,0,0,0,0,10,10
159216346,10,0,0,0,0,10
159053905,0,0,10,0,0,10
159308031,10,0,0,0,0,10
164558113,0,0,10,0,0,10
1716608339,0,0,0,0,10,10
164778377,10,0,0,0,0,10
159651771,0,0,10,0,0,10
336130128,0,0,10,0,0,10
336074611,0,0,5,0,5,5
48139432,10,0,0,0,0,10
158786332,0,0,0,0,10,10
158274412,0,0,0,0,10,10
350990783,0,0,0,0,10,10
123012759,10,0,0,0,0,10
1550348702,10,0,0,0,0,10
121273032,10,0,0,0,0,10
159578658,0,0,10,0,0,10
390270684,0,0,10,0,0,10
120258585,0,0,10,0,0,10
120575921,0,0,10,0,0,10
123416587,10,0,0,0,0,10
121014156,10,0,0,0,0,10
237188811,4,0,4,0,2,4
159444225,0,0,0,0,10,10
158984292,1,0,9,0,0,9
158388698,10,0,0,0,0,10
137210051,10,0,0,0,0,10
121216769,10,0,0,0,0,10
121275225,10,0,0,0,0,10
289244654,0,0,10,0,0,10
357851669,10,0,0,0,0,10
123314302,0,0,0,0,10,10
7902589,0,0,10,0,0,10
289456245,0,0,0,0,10,10
137406332,0,0,10,0,0,10
336208030,0,0,0,0,10,10
120417143,0,0,10,0,0,10
164407303,10,0,0,0,0,10
159577264,0,0,10,0,0,10
121085380,0,0,10,0,0,10
158667922,0,0,10,0,0,10
158388886,5,0,0,0,5,5
159440606,0,0,10,0,0,10
158841293,10,0,0,0,0,10
158840952,0,0,0,0,10,10
158390148,0,0,0,0,10,10
164831316,0,0,10,0,0,10
351070243,0,0,0,0,10,10
159309705,0,0,0,0,10,10
121941898,0,0,10,0,0,10
399861834,0,0,0,0,10,10
164527774,10,0,0,0,0,10
137409400,0,0,10,0,0,10
164831543,10,0,0,0,0,10
122597825,0,0,0,0,10,10
159718507,0,0,0,0,10,10
159218805,0,0,0,0,10,10
137210437,0,0,10,0,0,10
164415719,0,0,0,0,10,10
158630543,0,0,10,0,0,10
120902366,10,0,0,0,0,10
336132355,10,0,0,0,0,10
120898584,0,0,10,0,0,10
121117365,0,0,10,0,0,10
158394030,10,0,0,0,0,10
164674435,0,0,10,0,0,10
164527287,0,0,10,0,0,10
390134527,0,0,0,0,10,10
377781588,10,0,0,0,0,10
158558842,10,0,0,0,0,10
158211823,0,0,0,0,10,10
399861088,0,0,0,0,10,10
122789262,0,0,9,0,1,9
158389997,0,0,9,0,1,9
123496057,10,0,0,0,0,10
313740795,6,0,0,0,4,6
120689251,0,0,10,0,0,10
158421628,0,0,10,0,0,10
120765729,0,0,6,0,4,6
399953725,0,0,10,0,0,10
159768784,10,0,0,0,0,10
336319171,10,0,0,0,0,10
158173344,0,0,0,0,10,10
47936791,0,0,0,0,10,10
120688480,0,0,10,0,0,10
48216159,0,0,10,0,0,10
121945407,10,0,0,0,0,10
159303736,0,0,0,0,10,10
289462414,1,0,8,1,0,8
351684984,0,0,10,0,0,10
63121340,0,0,10,0,0,10
48528176,0,0,0,0,10,10
336078022,0,0,10,0,0,10
237125728,0,0,10,0,0,10
158492764,0,0,0,0,10,10
123231861,0,0,10,0,0,10
159306154,10,0,0,0,0,10
157544299,0,0,10,0,0,10
159717461,0,0,10,0,0,10
122294064,0,0,10,0,0,10
159048000,0,0,0,0,10,10
123316537,10,0,0,0,0,10
351667692,10,0,0,0,0,10
123038000,0,0,10,0,0,10
158276208,0,0,10,0,0,10
157850336,0,0,10,0,0,10
351066961,0,0,0,0,10,10
48027975,10,0,0,0,0,10
158634609,0,0,0,0,10,10
122069152,0,0,0,0,10,10
158721403,10,0,0,0,0,10
121330035,0,0,0,0,10,10
289374847,0,0,10,0,0,10
123206405,0,0,10,0,0,10
158554728,0,0,10,0,0,10
120961089,0,0,0,0,10,10
383749485,0,0,10,0,0,10
137408962,10,0,0,0,0,10
351897416,0,0,0,0,10,10
289461917,0,0,0,0,10,10
377727835,0,0,0,0,10,10
158173345,0,0,0,0,10,10
336319170,10,0,0,0,0,10
399953724,0,0,10,0,0,10
399867354,0,0,10,0,0,10
123007932,0,0,10,0,0,10
122139039,0,0,4,0,6,6
158389996,0,0,0,0,10,10
159385652,0,0,10,0,0,10
137341586,0,0,0,0,10,10
230288056,10,0,0,0,0,10
351802214,0,0,10,0,0,10
289529710,10,0,0,0,0,10
122443976,0,0,10,0,0,10
159308479,0,0,10,0,0,10
288847535,10,0,0,0,0,10
159522671,10,0,0,0,0,10
399825333,0,0,10,0,0,10
120497734,0,0,0,0,10,10
289370997,10,0,0,0,0,10
351683996,0,0,10,0,0,10
357796829,1,0,8,1,0,8
137410854,0,0,0,0,10,10
157590699,0,0,10,0,0,10
121214374,3,0,7,0,0,7
158218818,7,0,0,0,3,7
48218843,0,0,10,0,0,10
158171153,10,0,0,0,0,10
123014767,0,0,1,0,9,9
158929264,0,0,0,0,10,10
7693611,10,0,0,0,0,10
230285410,10,0,0,0,0,10
122064172,0,0,0,0,10,10
47629209,10,0,0,0,0,10
123094580,0,0,0,0,10,10
350813266,10,0,0,0,0,10
63004576,0,0,0,0,10,10
243272222,0,0,10,0,0,10
159050763,0,0,9,0,1,9
122787755,10,0,0,0,0,10
158393140,10,0,0,0,0,10
159446690,10,0,0,0,0,10
122890968,10,0,0,0,0,10
63006013,0,0,10,0,0,10
120315649,1,0,7,2,0,7
357723390,0,0,10,0,0,10
164558277,0,0,0,0,10,10
7685579,0,0,10,0,0,10
158993812,10,0,0,0,0,10
123098631,0,0,10,0,0,10
137627299,6,0,4,0,0,6
357791889,10,0,0,0,0,10
279911570,10,0,0,0,0,10
390131767,0,0,0,0,10,10
122294834,0,0,10,0,0,10
279919711,1,0,0,0,9,9
121020571,10,0,0,0,0,10
158632094,2,0,0,0,8,8
159573293,10,0,0,0,0,10
120316262,0,0,0,0,10,10
164527193,10,0,0,0,0,10
377781565,0,0,0,0,10,10
121327753,10,0,0,0,0,10
157543184,0,0,10,0,0,10
123451060,0,0,10,0,0,10
164456371,10,0,0,0,0,10
390134885,0,0,10,0,0,10
120626735,10,0,0,0,0,10
159577647,0,0,10,0,0,10
7897025,0,0,10,0,0,10
122787896,0,0,0,0,10,10
416103803,0,0,8,0,2,8
159578929,10,0,0,0,0,10
267668508,10,0,0,0,0,10
48352254,0,0,0,0,10,10
159045204,0,0,10,0,0,10
164784894,0,0,0,0,10,10
164779901,0,0,0,0,10,10
158393206,2,0,8,0,0,8
120961085,0,0,0,0,10,10
159386317,0,0,10,0,0,10
48417990,0,0,10,0,0,10
159522244,0,0,0,0,10,10
7801379,0,0,3,0,7,7
383750375,10,0,0,0,0,10
137211449,0,0,10,0,0,10
159574048,0,0,10,0,0,10
164552564,6,0,3,1,0,6
390055994,10,0,0,0,0,10
120102015,0,0,10,0,0,10
123096984,0,0,0,0,10,10
158730058,0,0,0,0,10,10
158635955,0,0,0,0,10,10
123316097,10,0,0,0,0,10
123355860,10,0,0,0,0,10
7854494,0,0,7,0,3,7
164456204,10,0,0,0,0,10
158658313,0,0,0,0,10,10
123041108,0,0,0,0,10,10
120820177,0,0,0,0,10,10
48451945,1,0,0,0,9,9
123040852,0,0,10,0,0,10
267668297,9,0,1,0,0,9
7798505,0,0,3,0,7,7
158168785,0,0,10,0,0,10
390203143,5,0,0,0,5,5
137557800,0,0,10,0,0,10
289082502,10,0,0,0,0,10
123491434,0,0,0,0,10,10
164554228,9,0,1,0,0,9
158389850,0,0,0,0,10,10
123096973,10,0,0,0,0,10
158560017,10,0,0,0,0,10
159719022,0,0,10,0,0,10
157762579,0,0,10,0,0,10
158667308,0,0,0,0,10,10
383724009,1,0,9,0,0,9
288753955,0,0,0,0,10,10
159309185,10,0,0,0,0,10
164779234,0,0,0,0,10,10
121217469,10,0,0,0,0,10
159572857,0,0,10,0,0,10
122443955,0,0,8,0,2,8
1717062466,10,0,0,0,0,10
48450203,0,0,0,0,10,10
122069517,0,0,10,0,0,10
121014802,10,0,0,0,0,10
159105847,2,0,8,0,0,8
267577715,0,0,8,0,2,8
123131645,0,0,8,0,2,8
1877524399,0,0,10,0,0,10
122789084,0,0,10,0,0,10
123007594,10,0,0,0,0,10
157802096,0,0,8,0,2,8
121020647,10,0,0,0,0,10
159766514,0,0,10,0,0,10
243272900,0,0,0,0,10,10
157695626,0,0,10,0,0,10
159105435,0,0,10,0,0,10
164407449,0,0,0,0,10,10
120575896,0,0,10,0,0,10
158562308,0,0,10,0,0,10
158491637,0,0,0,0,10,10
390200857,0,0,0,0,10,10
137754211,0,0,0,0,10,10
158730573,10,0,0,0,0,10
289163825,10,0,0,0,0,10
399861849,0,0,10,0,0,10
164413080,0,0,10,0,0,10
122296684,10,0,0,0,0,10
164412462,0,0,10,0,0,10
288962702,10,0,0,0,0,10
158552853,0,0,10,0,0,10
164464401,10,0,0,0,0,10
164648329,10,0,0,0,0,10
377726624,10,0,0,0,0,10
63006083,10,0,0,0,0,10
157648389,10,0,0,0,0,10
158553034,0,0,10,0,0,10
137341602,0,0,0,0,10,10
120317422,0,0,10,0,0,10
157760150,0,0,10,0,0,10
279919426,0,0,0,0,10,10
289455421,0,0,0,0,10,10
158840309,0,0,9,0,1,9
158839875,0,0,8,0,2,8
157893110,0,0,10,0,0,10
164647385,0,0,0,0,10,10
158990529,0,0,0,0,10,10
157650096,10,0,0,0,0,10
289370888,1,0,0,0,9,9
230295607,10,0,0,0,0,10
159218638,0,0,8,0,2,8
1716560896,0,0,10,0,0,10
121788685,0,0,10,0,0,10
357792427,0,0,10,0,0,10
288848016,10,0,0,0,0,10
237159638,0,0,6,0,4,6
158324719,0,0,10,0,0,10
357719954,0,0,0,0,10,10
159169854,10,0,0,0,0,10
237186294,0,0,10,0,0,10
121121678,10,0,0,0,0,10
416118631,10,0,0,0,0,10
158726804,0,0,3,0,7,7
1716807541,0,0,0,0,10,10
120314498,10,0,0,0,0,10
7585231,0,0,10,0,0,10
158934961,0,0,0,0,10,10
121734296,0,0,9,0,1,9
351067019,0,0,0,0,10,10
258349153,10,0,0,0,0,10
230283942,10,0,0,0,0,10
137213060,0,0,10,0,0,10
336009942,1,0,0,0,9,9
157893529,0,0,10,0,0,10
158325506,0,0,0,0,10,10
157955882,0,0,10,0,0,10
47732171,0,0,10,0,0,10
351763785,0,0,10,0,0,10
164891315,0,0,0,0,10,10
157890949,0,0,0,0,10,10
120576751,10,0,0,0,0,10
48450535,10,0,0,0,0,10
164413081,0,0,10,0,0,10
47629196,10,0,0,0,0,10
390203790,10,0,0,0,0,10
336405629,10,0,0,0,0,10
158633245,0,0,10,0,0,10
123311124,1,0,0,0,9,9
120253049,0,0,10,0,0,10
164998897,10,0,0,0,0,10
357792424,0,0,10,0,0,10
157890250,0,0,10,0,0,10
267667898,10,0,0,0,0,10
336205897,0,0,10,0,0,10
158485583,7,0,0,3,0,7
120416871,0,0,10,0,0,10
158115161,0,0,10,0,0,10
158560627,0,0,10,0,0,10
158793738,10,0,0,0,0,10
48450521,10,0,0,0,0,10
120576891,10,0,0,0,0,10
159717535,0,0,10,0,0,10
123361279,0,0,0,0,10,10
47673459,10,0,0,0,0,10
267570949,9,0,1,0,0,9
120044854,0,0,10,0,0,10
157650742,0,0,10,0,0,10
336268608,0,0,10,0,0,10
123037704,0,0,0,0,10,10
279844872,0,0,0,0,10,10
121326698,0,0,10,0,0,10
267545182,0,0,10,0,0,10
158217375,0,0,0,0,10,10
48091867,10,0,0,0,0,10
120258285,9,0,1,0,0,9
121466712,0,0,10,0,0,10
159571784,0,0,10,0,0,10
158173373,0,0,10,0,0,10
48507024,10,0,0,0,0,10
230295613,2,0,8,0,0,8
63007012,0,0,10,0,0,10
120688711,0,0,7,0,3,7
123040837,0,0,10,0,0,10
164884119,0,0,0,0,10,10
7804830,0,0,0,0,10,10
298966160,0,0,0,0,10,10
21279795,10,0,0,0,0,10
279916262,10,0,0,0,0,10
123308825,10,0,0,0,0,10
157803986,5,0,5,0,0,5
63006634,10,0,0,0,0,10
158785940,0,0,10,0,0,10
279919432,0,0,0,0,10,10
122444096,0,0,0,0,10,10
7854949,0,0,10,0,0,10
120626737,10,0,0,0,0,10
122596354,0,0,0,0,10,10
123316082,0,0,0,0,10,10
390052989,8,0,0,0,2,8
357719852,0,0,10,0,0,10
158422622,0,0,0,0,10,10
122069585,0,0,10,0,0,10
390053217,10,0,0,0,0,10
121732964,0,0,10,0,0,10
47936789,0,0,0,0,10,10
48503644,0,0,0,0,10,10
158795004,8,0,0,0,2,8
158722360,0,0,0,0,10,10
289082619,0,0,10,0,0,10
122068190,0,0,3,0,7,7
158837744,0,0,10,0,0,10
350987252,0,0,0,0,10,10
121012760,10,0,0,0,0,10
137211158,0,0,10,0,0,10
158924706,0,0,10,0,0,10
159103993,0,0,0,0,10,10
121605183,0,0,0,0,10,10
122301401,10,0,0,0,0,10
123127342,0,0,0,0,10,10
336406291,10,0,0,0,0,10
120314690,0,0,10,0,0,10
289529592,0,0,10,0,0,10
159308460,0,0,10,0,0,10
352010014,0,0,10,0,0,10
157853395,10,0,0,0,0,10
336123678,0,0,10,0,0,10
159046203,0,0,0,0,10,10
48420993,0,0,5,0,5,5
120419341,0,0,10,0,0,10
336207891,0,0,0,0,10,10
137409908,10,0,0,0,0,10
243270891,10,0,0,0,0,10
122065458,0,0,10,0,0,10
1550840174,0,0,10,0,0,10
159447121,0,0,10,0,0,10
157693363,0,0,0,0,10,10
357794350,0,0,10,0,0,10
350990689,0,0,0,0,10,10
159523477,10,0,0,0,0,10
237190198,0,0,10,0,0,10
230282023,8,0,2,0,0,8
48031141,0,0,0,0,10,10
158987003,0,0,10,0,0,10
122596973,10,0,0,0,0,10
120691259,0,0,10,0,0,10
279918553,0,0,10,0,0,10
336074867,0,0,1,0,9,9
158658921,1,0,9,0,0,9
336329180,0,0,10,0,0,10
164552688,0,0,0,0,10,10
158390201,0,0,10,0,0,10
352010962,10,0,0,0,0,10
158220286,0,0,10,0,0,10
48417985,0,0,10,0,0,10
164648313,10,0,0,0,0,10
158325014,0,0,0,0,10,10
164782207,0,0,0,0,10,10
121942003,4,0,0,0,6,6
122443530,10,0,0,0,0,10
122788486,10,0,0,0,0,10
399860885,0,0,10,0,0,10
159577404,10,0,0,0,0,10
158936406,10,0,0,0,0,10
164724203,0,0,10,0,0,10
237194158,10,0,0,0,0,10
230295932,0,0,10,0,0,10
336209245,0,0,10,0,0,10
164460453,0,0,0,0,10,10
137342508,0,0,10,0,0,10
121604788,10,0,0,0,0,10
158216168,0,0,10,0,0,10
159766986,0,0,8,0,2,8
164461124,10,0,0,0,0,10
157649278,2,0,0,0,8,8
121108019,0,0,10,0,0,10
123411643,0,0,10,0,0,10
123202964,0,0,10,0,0,10
137210887,0,0,10,0,0,10
158484980,0,0,10,0,0,10
123408688,10,0,0,0,0,10
157896130,10,0,0,0,0,10
159652184,0,0,10,0,0,10
159180555,0,0,4,0,6,6
164456301,0,0,10,0,0,10
1716133108,10,0,0,0,0,10
390130053,5,0,5,0,0,5
157852150,0,0,10,0,0,10
157648632,0,0,0,0,10,10
121947393,0,0,1,0,9,9
121016331,0,0,10,0,0,10
123042728,10,0,0,0,0,10
48303451,0,0,0,0,10,10
399827204,10,0,0,0,0,10
357794073,0,0,10,0,0,10
164669854,0,0,10,0,0,10
122597166,0,0,0,0,10,10
120172943,0,0,10,0,0,10
122063451,0,0,10,0,0,10
120171951,0,0,10,0,0,10
121329251,2,0,8,0,0,8
7578800,0,0,10,0,0,10
120628355,0,0,10,0,0,10
123412237,0,0,0,0,10,10
289456189,0,0,10,0,0,10
159220700,0,0,0,0,10,10
159097761,7,0,0,0,3,7
158788132,0,0,10,0,0,10
159440595,0,0,10,0,0,10
121113315,0,0,10,0,0,10
390203852,2,0,0,0,8,8
159387792,0,0,10,0,0,10
157806362,0,0,0,0,10,10
121866431,0,0,0,0,10,10
137409847,0,0,0,0,10,10
158844267,0,0,0,0,10,10
121942609,0,0,10,0,0,10
120355393,0,0,9,0,1,9
158792370,0,0,10,0,0,10
357850025,0,0,0,0,10,10
377782003,0,0,10,0,0,10
158631654,10,0,0,0,0,10
121020167,10,0,0,0,0,10
123092951,0,0,10,0,0,10
159576480,10,0,0,0,0,10
122137671,0,0,0,0,10,10
137754206,0,0,0,0,10,10
289166645,10,0,0,0,0,10
122595801,10,0,0,0,0,10
350989801,10,0,0,0,0,10
121789705,0,0,10,0,0,10
7578699,0,0,10,0,0,10
121946338,0,0,0,0,10,10
230288859,0,0,10,0,0,10
230293223,10,0,0,0,0,10
123100229,0,0,6,0,4,6
121330388,10,0,0,0,0,10
123493830,0,0,0,0,10,10
123314985,10,0,0,0,0,10
123014188,10,0,0,0,0,10
158635832,10,0,0,0,0,10
164652676,10,0,0,0,0,10
120900467,0,0,10,0,0,10
159444855,0,0,10,0,0,10
350813612,0,0,0,0,10,10
399861115,0,0,10,0,0,10
158325378,0,0,10,0,0,10
390054567,0,0,0,0,10,10
390056002,10,0,0,0,0,10
158385056,10,0,0,0,0,10
159382357,10,0,0,0,0,10
336327580,0,0,10,0,0,10
123041396,0,0,0,0,10,10
158495556,0,0,10,0,0,10
120316270,0,0,0,0,10,10
159104304,0,0,10,0,0,10
158324984,0,0,0,0,10,10
158111377,10,0,0,0,0,10
336269805,0,0,10,0,0,10
137628640,0,0,6,0,4,6
164525413,0,0,10,0,0,10
159573276,10,0,0,0,0,10
158988347,10,0,0,0,0,10
7798495,0,0,0,0,10,10
137557990,7,0,3,0,0,7
122713169,0,0,0,0,10,10
120898717,0,0,10,0,0,10
237185205,7,0,3,0,0,7
121786953,0,0,0,0,10,10
123012255,0,0,0,0,10,10
289325454,0,0,10,0,0,10
279911562,10,0,0,0,0,10
158173286,10,0,0,0,0,10
121466785,8,0,0,0,2,8
158389968,0,0,0,0,10,10
377727894,0,0,3,0,7,7
48355364,0,0,10,0,0,10
120173375,10,0,0,0,0,10
158933392,10,0,0,0,0,10
164527723,10,0,0,0,0,10
258267836,0,0,10,0,0,10
123037925,0,0,10,0,0,10
336131968,0,0,1,0,9,9
351803160,0,0,10,0,0,10
137410607,0,0,5,0,5,5
7618702,0,0,0,0,10,10
164784891,0,0,10,0,0,10
158431823,10,0,0,0,0,10
122891386,0,0,10,0,0,10
159219660,10,0,0,0,0,10
121945154,4,0,6,0,0,6
158631669,10,0,0,0,0,10
377782252,10,0,0,0,0,10
336208090,0,0,0,0,10,10
121945338,10,0,0,0,0,10
157893970,0,0,10,0,0,10
120684604,10,0,0,0,0,10
122949971,0,0,0,0,10,10
158634762,0,0,0,0,10,10
122137930,0,0,10,0,0,10
121110392,0,0,0,0,10,10
258271277,10,0,0,0,0,10
164559687,0,0,10,0,0,10
258271315,10,0,0,0,0,10
405683390,0,0,10,0,0,10
230298032,10,0,0,0,0,10
63007464,1,0,9,0,0,9
336132445,0,0,10,0,0,10
1716523403,0,0,10,0,0,10
289316779,0,0,10,0,0,10
121215452,0,0,0,0,10,10
159311138,0,0,10,0,0,10
121107300,0,0,0,0,10,10
122446010,10,0,0,0,0,10
120576881,10,0,0,0,0,10
137628107,3,0,0,0,7,7
157763713,0,0,0,0,10,10
164525354,0,0,10,0,0,10
158324219,10,0,0,0,0,10
336124178,0,0,0,0,10,10
159308104,0,0,0,0,10,10
336071670,0,0,9,0,1,9
159171794,0,0,10,0,0,10
123131226,0,0,0,0,10,10
1877524403,0,0,10,0,0,10
159576975,0,0,0,0,10,10
164646290,0,0,0,0,10,10
159180312,0,0,0,0,10,10
157695378,10,0,0,0,0,10
158929157,0,0,10,0,0,10
157647583,10,0,0,0,0,10
158551926,0,0,10,0,0,10
399824695,10,0,0,0,0,10
121866127,10,0,0,0,0,10
1717075991,0,0,10,0,0,10
121866045,0,0,10,0,0,10
1716807545,0,0,10,0,0,10
159103576,0,0,10,0,0,10
158484992,0,0,10,0,0,10
121943668,0,0,2,0,8,8
230289734,0,0,10,0,0,10
158428375,10,0,0,0,0,10
123414879,0,0,10,0,0,10
158168824,0,0,0,0,10,10
158275979,0,0,10,0,0,10
122447063,10,0,0,0,0,10
121458160,0,0,0,0,10,10
289525318,10,0,0,0,0,10
158484619,10,0,0,0,0,10
230292350,0,0,10,0,0,10
298893607,10,0,0,0,0,10
121014807,10,0,0,0,0,10
164888527,10,0,0,0,0,10
157856403,0,0,10,0,0,10
399953697,0,0,10,0,0,10
158796245,0,0,10,0,0,10
121333928,0,0,0,0,10,10
416118874,10,0,0,0,0,10
279918037,10,0,0,0,0,10
48218393,0,0,1,0,9,9
383721107,0,0,10,0,0,10
158630406,0,0,10,0,0,10
120499508,0,0,0,0,10,10
122064581,10,0,0,0,0,10
164559137,0,0,0,0,10,10
157649477,10,0,0,0,0,10
164784473,10,0,0,0,0,10
122595916,0,0,10,0,0,10
352012002,0,0,6,0,4,6
120689924,0,0,10,0,0,10
121466022,0,0,10,0,0,10
122891349,0,0,0,0,10,10
336074972,0,0,10,0,0,10
159047696,10,0,0,0,0,10
159440915,10,0,0,0,0,10
158844295,0,0,0,0,10,10
158990398,10,0,0,0,0,10
121464547,1,0,9,0,0,9
120821237,0,0,10,0,0,10
164891306,0,0,0,0,10,10
159097793,3,0,0,0,7,7
137754030,0,0,10,0,0,10
158488475,10,0,0,0,0,10
137555803,0,0,0,0,10,10
123092869,0,0,10,0,0,10
123100152,10,0,0,0,0,10
123317320,0,0,8,0,2,8
159653254,0,0,0,0,10,10
48217145,0,0,10,0,0,10
289244457,0,0,10,0,0,10
121733960,0,0,0,0,10,10
157852823,0,0,10,0,0,10
1882281538,10,0,0,0,0,10
289528092,0,0,10,0,0,10
48218384,0,0,5,0,5,5
120315069,10,0,0,0,0,10
336407791,0,0,0,0,10,10
158165935,0,0,0,0,10,10
279912965,1,0,9,0,0,9
123201494,10,0,0,0,0,10
7802986,1,0,9,0,0,9
122447074,10,0,0,0,0,10
137755312,0,0,10,0,0,10
399867365,0,0,10,0,0,10
289162979,1,0,9,0,0,9
164645739,10,0,0,0,0,10
121660765,10,0,0,0,0,10
158386385,7,0,0,0,3,7
122954488,0,0,10,0,0,10
158931150,0,0,1,0,9,9
7850140,10,0,0,0,0,10
120258282,10,0,0,0,0,10
158166739,0,0,10,0,0,10
383725823,0,0,0,0,10,10
237126094,0,0,0,0,10,10
158660639,9,0,1,0,0,9
336204346,0,0,0,0,10,10
350987174,0,0,0,0,10,10
121940750,0,0,10,0,0,10
122070914,10,0,0,0,0,10
357719825,0,0,10,0,0,10
158794976,9,0,0,0,1,9
159099266,0,0,0,0,10,10
7804818,0,0,0,0,10,10
157807393,0,0,0,0,10,10
158993817,10,0,0,0,0,10
158320264,10,0,0,0,0,10
158325511,0,0,0,0,10,10
159044954,10,0,0,0,0,10
120426329,0,0,10,0,0,10
405717754,10,0,0,0,0,10
137211470,0,0,10,0,0,10
164464417,0,0,10,0,0,10
120043227,0,0,0,0,10,10
258348923,0,0,8,0,2,8
289079228,10,0,0,0,0,10
424434249,0,0,0,0,10,10
123409730,0,0,0,0,10,10
243270936,10,0,0,0,0,10
352008205,0,0,10,0,0,10
164833818,0,0,10,0,0,10
137088935,0,0,10,0,0,10
63005360,10,0,0,0,0,10
123361293,0,0,0,0,10,10
164648321,10,0,0,0,0,10
120044974,0,0,0,0,10,10
48303901,0,0,10,0,0,10
158492833,0,0,0,0,10,10
122596823,0,0,0,0,10,10
164833847,0,0,10,0,0,10
123363694,10,0,0,0,0,10
120182990,0,0,10,0,0,10
137342186,0,0,10,0,0,10
289530152,10,0,0,0,0,10
120574133,0,0,10,0,0,10
289014597,0,0,0,0,10,10
390052092,10,0,0,0,0,10
137555846,0,0,3,0,7,7
120688093,0,0,10,0,0,10
158728098,0,0,0,0,10,10
158793725,10,0,0,0,0,10
390061701,10,0,0,0,0,10
158791084,10,0,0,0,0,10
121272598,0,0,0,0,10,10
157647954,10,0,0,0,0,10
351680697,0,0,10,0,0,10
159311008,0,0,0,0,10,10
158726046,0,0,0,0,10,10
123044898,0,0,10,0,0,10
157590601,0,0,10,0,0,10
121013802,10,0,0,0,0,10
122597932,10,0,0,0,0,10
164558570,0,0,8,0,2,8
159716491,0,0,10,0,0,10
158661167,10,0,0,0,0,10
158488307,0,0,10,0,0,10
159522767,0,0,2,0,8,8
137340085,1,0,0,0,9,9
122067638,0,0,10,0,0,10
123095409,10,0,0,0,0,10
288755979,0,0,10,0,0,10
159215814,10,0,0,0,0,10
164527205,10,0,0,0,0,10
121121713,0,0,10,0,0,10
7676560,0,0,10,0,0,10
122446934,4,0,0,6,0,6
159576300,0,0,10,0,0,10
7683822,0,0,0,0,10,10
158175179,1,0,9,0,0,9
158384813,10,0,0,0,0,10
351766147,0,0,10,0,0,10
416104788,0,0,0,0,10,10
7851753,10,0,0,0,0,10
121020599,10,0,0,0,0,10
157802348,0,0,8,0,2,8
164834587,0,0,0,0,10,10
122954528,0,0,3,0,7,7
123094395,0,0,10,0,0,10
230295902,0,0,0,0,10,10
158487955,10,0,0,0,0,10
357852218,0,0,10,0,0,10
158633738,0,0,10,0,0,10
121123259,1,0,9,0,0,9
157762586,0,0,10,0,0,10
230289749,10,0,0,0,0,10
164826760,0,0,0,0,10,10
289455882,8,0,0,2,0,8
237160621,1,0,0,0,9,9
159576370,10,0,0,0,0,10
157694078,10,0,0,0,0,10
336255994,0,0,0,0,10,10
120044323,0,0,0,0,10,10
390060660,0,0,10,0,0,10
237133715,0,0,6,0,4,6
121393558,0,0,10,0,0,10
377727831,0,0,0,0,10,10
48217187,0,0,0,0,10,10
159224271,0,0,10,0,0,10
237190185,0,0,3,0,7,7
377728446,0,0,10,0,0,10
164551831,0,0,10,0,0,10
122138222,0,0,0,0,10,10
164416368,0,0,0,0,10,10
298785446,0,0,10,0,0,10
48354181,10,0,0,0,0,10
164671097,10,0,0,0,0,10
123496607,0,0,9,0,1,9
351804461,0,0,10,0,0,10
137410814,0,0,0,0,10,10
157694672,0,0,4,0,6,6
336075042,0,0,10,0,0,10
122950694,1,0,9,0,0,9
7903199,0,0,3,0,7,7
123311102,4,0,0,0,6,6
336325728,10,0,0,0,0,10
48189121,0,0,0,0,10,10
350814782,0,0,10,0,0,10
158790747,0,0,6,0,4,6
158731023,10,0,0,0,0,10
159379449,0,0,10,0,0,10
120315492,0,0,0,0,10,10
383724417,0,0,10,0,0,10
158388883,2,0,4,0,4,4
121942248,0,0,0,0,10,10
159447512,0,0,10,0,0,10
120820168,0,0,0,0,10,10
164654546,0,0,10,0,0,10
352015077,0,0,10,0,0,10
7582699,0,0,0,0,10,10
158321572,0,0,10,0,0,10
351766286,0,0,10,0,0,10
121107753,0,0,7,0,3,7
122788946,0,0,10,0,0,10
159572890,0,0,10,0,0,10
279917986,0,0,10,0,0,10
230281699,10,0,0,0,0,10
122065207,0,0,10,0,0,10
157524227,10,0,0,0,0,10
120107063,0,0,10,0,0,10
158324780,0,0,7,0,3,7
289167850,0,0,10,0,0,10
123235681,0,0,10,0,0,10
121788643,0,0,10,0,0,10
237189560,0,0,10,0,0,10
336205420,0,0,0,0,10,10
121945626,10,0,0,0,0,10
122597868,0,0,10,0,0,10
164784068,10,0,0,0,0,10
121218065,0,0,10,0,0,10
121327568,10,0,0,0,0,10
47937361,10,0,0,0,0,10
158430980,0,0,10,0,0,10
122711906,0,0,10,0,0,10
159105567,10,0,0,0,0,10
123453134,5,0,5,0,0,5
405717423,0,0,10,0,0,10
351908994,0,0,10,0,0,10
137753933,10,0,0,0,0,10
123096229,0,0,10,0,0,10
137555821,0,0,0,0,10,10
157644553,10,0,0,0,0,10
357722474,10,0,0,0,0,10
122710656,0,0,10,0,0,10
158795927,0,0,10,0,0,10
137411257,0,0,0,0,10,10
120902687,0,0,10,0,0,10
120416728,0,0,3,0,7,7
122949856,0,0,0,0,10,10
159442386,10,0,0,0,0,10
137210043,10,0,0,0,0,10
121118023,0,0,10,0,0,10
164654188,0,0,0,0,10,10
137412076,10,0,0,0,0,10
123131213,0,0,10,0,0,10
159307761,0,0,10,0,0,10
120253713,0,0,10,0,0,10
120313758,0,0,10,0,0,10
120183269,0,0,0,0,10,10
158629367,0,0,9,0,1,9
159652940,0,0,0,0,10,10
158626827,0,0,7,0,3,7
336125492,10,0,0,0,0,10
332629883,0,0,0,0,10,10
289168776,10,0,0,0,0,10
120577238,0,0,0,0,10,10
48188921,10,0,0,0,0,10
1716467086,10,0,0,0,0,10
357720003,10,0,0,0,0,10
137211615,10,0,0,0,0,10
289372800,0,0,10,0,0,10
243270760,0,0,0,0,10,10
158993212,0,0,0,0,10,10
123124520,0,0,10,0,0,10
121731383,0,0,10,0,0,10
121107278,0,0,0,0,10,10
120500773,9,0,1,0,0,9
